https://utat-ss.notion.site/05fdc2a2fe144709846d3cbf636f723d,https://utat-ss.notion.site/466c53ec394844d5bff22141a394dfc6,https://utat-ss.notion.site/Mechanical-101-3463b68d05c742ec8ea49c58a4a6a44c,https://utat-ss.notion.site/Liam-s-2-30AM-GS-Brain-Blast-89d30663688d4556bc524a06aeff396a,https://utat-ss.notion.site/Cordelia-8bc8b2f43dd845ffbdf44fc0367664bb
https://utat-ss.notion.site/10-Redefine-VPH-grism-Fringe-Frequency-requirement-1e73975bc8764bcc8a38140f79b86eb5,https://utat-ss.notion.site/Michael-Petrushevski-2793e028b0ea80908d93d1e2e07cc7c4,https://utat-ss.notion.site/Attitude-Planning-Project-29e3e028b0ea803f8225e04236ea420b,https://utat-ss.notion.site/5368346aa5344bf2893f0eb48225909c,https://utat-ss.notion.site/Compute-Quasi-static-Loading-0c4f7a54c55549949f2ee15722e7e9f3
https://utat-ss.notion.site/3d3f0b16e1674f39a61b99b5433a18ec,https://utat-ss.notion.site/aa306c141f8c4bbd8100d43efe740df1,https://utat-ss.notion.site/Command-Sequences-670cdd5d564545e2909594ffff00720b,https://utat-ss.notion.site/FINCH-ADCS-RelativePointingAccuracy-0a9beb896a4d4ec19458a7b063b161cd,https://utat-ss.notion.site/Create-Summer-2023-Internal-Design-Review-Presentations-9a844f101c3d4bc7bba87558d09daf48
https://utat-ss.notion.site/2583e028b0ea8089a919e98e06d0e0a3,https://utat-ss.notion.site/1000-Hour-Test-f57ace187c2c41d5977a73e7e02bc5cc,https://utat-ss.notion.site/15d8924bd3e64374b7299a50d29a8c09,https://utat-ss.notion.site/FINCH-Foreoptic-ApertureSize-8774621d85a54d569a9b5c8c0da94c99,https://utat-ss.notion.site/Verification-and-testing-inaugural-sync-2823e028b0ea803dae52f5a19c46f0ff
https://utat-ss.notion.site/DEPRECATED-D-Sat-e8a21d13f3e747b184e2f708dee4dac8,https://utat-ss.notion.site/1f63e028b0ea80459b6fd5e9dba00a45,https://utat-ss.notion.site/Git-Tutorial-for-Beginners-Command-Line-Fundamentals-3749557c8b6d499f8cab351b0cbd23aa,https://utat-ss.notion.site/GS-Requirements-Brainstorming-8828484b00dd4cfbb9f00f6e17dd9520,https://utat-ss.notion.site/Sensor-Limited-Spectral-Resolution-5071f076997f4b59851f73127822fb23
https://utat-ss.notion.site/Electrical-Battery-Failure-1383e028b0ea81a09c08c484010cd2a0,https://utat-ss.notion.site/Integration-of-Thermal-Hardware-d7ed12985dba40febc7a0385e354a246,https://utat-ss.notion.site/523afc49047b46e0ae5c9928b8184b11,https://utat-ss.notion.site/aa727ae93a944f7bb7c9d3909eddd5e3,https://utat-ss.notion.site/Charging-Route-6ff3695eb58546fca866a9848bbcf577
https://utat-ss.notion.site/c169b8ff5ecd42678bb73ceab7264993,https://utat-ss.notion.site/1f63e028b0ea80538ac2fde599464db9,https://utat-ss.notion.site/53bfe586acab469f950f39547c62f6ae,https://utat-ss.notion.site/Laser-Safety-Glasses-Needed-if-using-Xenon-Lamp-097d85932f714c499fd80a06ccc5ba0c,https://utat-ss.notion.site/Alessandro-Gasparotto-1cec5aa362324fcf807c46bf39fb89fc
https://utat-ss.notion.site/Materials-for-Spacecraft-Thermal-Control-Astral-Technology-Unlimited-60e351fbb5e74e6995e179a7981f78a9,https://utat-ss.notion.site/PAY-Memory-Selection-2a53e028b0ea8030b0b9d36850ee5899,https://utat-ss.notion.site/1b23e028b0ea8026b582ee5d8497035b,https://utat-ss.notion.site/d043cd7d0f0447e2b3859c4cf0d7e174,https://utat-ss.notion.site/CB-08-Data-Processing-Software-Design-Process-73648d132d7043babad3f524fd0f0a1d
https://utat-ss.notion.site/Determination-of-a-Recommended-Spectral-Binning-Resolution-19b3e028b0ea80848fc1e77f1ebd1ecb,https://utat-ss.notion.site/Bakeout-Plan-e30e1fde1a9946f5afb31d68dcb89360,https://utat-ss.notion.site/289ad4463700485aa6f86a6e9ca7586b,https://utat-ss.notion.site/0c471a4f4580444897480018948a080a,https://utat-ss.notion.site/3c5a9c24ee8a4dacbd5e9fdc5c8cef8f
https://utat-ss.notion.site/b6a9a725b23f47c58a5f6664d7ed604a,https://utat-ss.notion.site/448d40aec17f476a9998b2f7fa40cd46,https://utat-ss.notion.site/Satellite-Inspection-1065504f0ce84069821d72341e8b8f7b,https://utat-ss.notion.site/Ground-Projected-Orbital-Velocity-4248ebec57634a42beebf619b0db1793,https://utat-ss.notion.site/How-to-Write-a-Git-Commit-Message-34862c8ad4384a20a4d07d2e0c69a7b3
https://utat-ss.notion.site/Exposure-Time-Trade-Off-18015142adaa45c59b6bd9573a63d0ca,https://utat-ss.notion.site/NX-Modelling-ebab6e93c5054fe88e068cda24ee6e46,https://utat-ss.notion.site/718e46bcbe58480c8ba99b508af797fe,https://utat-ss.notion.site/Source-prototype-relay-lenses-7b2fb034f9da42fc89d57573b3359131,https://utat-ss.notion.site/Mentorship-3a21c77402454dc68c20f8363c10997e
https://utat-ss.notion.site/FINCH-Antenna-S11-e1d35bb7f3ea4160a2bad9c0cac0afaf,https://utat-ss.notion.site/Report-Reg-KNN-Reg-and-Cos-Definition-of-Distance-1a93e028b0ea80ffb26bc9a81f34feca,https://utat-ss.notion.site/Space-for-Optics-and-RF-1ae3e028b0ea80518955c281a5896d75,https://utat-ss.notion.site/HERON-Launch-Party-Contact-d185145c13a347acbf8ff7abed79bda1,https://utat-ss.notion.site/FINCH-V2-Detailed-Mechanical-Assembly-1b43e028b0ea80ebb5c0fdd446c51883
https://utat-ss.notion.site/ee2cc3494e8c4591966a28bf8a4d06da,https://utat-ss.notion.site/FINCH-Payload-VibeTestingBreaking-a69bc596ec274120bdb0140355fe978c,https://utat-ss.notion.site/SRS-4-Ground-Station-Air-Link-03063bd719054d81be8539e1f8361f9d,https://utat-ss.notion.site/FINCH-Spacecraft-Shock-b7746693aa5543c1b920901631860785,https://utat-ss.notion.site/Sprint-Planning-88ef7c02d4a840e18f4fc29e3489e993
https://utat-ss.notion.site/FINCH-Spacecraft-ElectricalSolderingStandard-f1357413d7cd475e88604bd916ffd0ea,https://utat-ss.notion.site/2393e028b0ea80628852d8790ef4b9a2,https://utat-ss.notion.site/utat-ss/Ansys-570b8d42128149fd8816c9e7fb36d72e,https://utat-ss.notion.site/Diffraction-Angle-c8cbecda3284483f8a1443493c60e91d,https://utat-ss.notion.site/Pay-Elec-Board-Nucleo-Board-Pin-Connection-53e9a4680b464e6abad2863e4eb8096f
https://utat-ss.notion.site/Simulations-of-OBC-PAY-27b3e028b0ea8064b498c3db7e4c8bb2,https://utat-ss.notion.site/FINCH-Spacecraft-OrbitParameters-d412d88f45e542608dc15e6c4f5602bc,https://utat-ss.notion.site/GTI25-03A-740ff55416044556a5df4035d2818c49,https://utat-ss.notion.site/STM32-G-series-vs-F-series-vs-L-series-2743e028b0ea80708bb4f0167a3982e5,https://utat-ss.notion.site/f0f633f5c85f49ad82c6e9f998d3fdc6
https://utat-ss.notion.site/e58534d6329946198811d8f7c6d11a29,https://utat-ss.notion.site/Test-Plans-fce89982e94a46af99dd6adc45d83608,https://utat-ss.notion.site/ca44f71249d44ad2bca08d8e6b1d3ced,https://utat-ss.notion.site/XE25C10D-M-525-mm-x-375-mm-x-300-mm-L-x-W-x-H-Plexiglass-Sliding-Door-Enclosure-cbe514a49bb942ee89767c07ad1b8c37,https://utat-ss.notion.site/utat-ss/UTAT-Remote-Machine-b1f73f55589743168f647f1e30691ceb
https://utat-ss.notion.site/FINCH-Hyperspectral-Unmixing-1fd3e028b0ea80c4abd5f2ab4f4845a6,https://utat-ss.notion.site/Camera-Lenses-f8730b7f981a4047a9b50bf51d8ccff4,https://utat-ss.notion.site/Right-Ascension-of-the-Ascending-Node-2d0f9e9615514fbf925178fae8b4cdfa,https://utat-ss.notion.site/dba3f4ae6b474647bbc744fd754ed15f,https://utat-ss.notion.site/NX-Best-Practices-483c266900244a6ba85be1ddb135b5d4
https://utat-ss.notion.site/bdf9fe6893ca4ddc9957395e81895d3b,https://utat-ss.notion.site/Mechanical-Onboarding-Guide-808e2e44447e4f79acc0417a31f95642,https://utat-ss.notion.site/cb98e6f83b604c07ad35fdc41fff15b3,https://utat-ss.notion.site/Opto-Mech-Sync-September-20-2743e028b0ea80149b55dc4069dd163a,https://utat-ss.notion.site/FINCH-ADCS-AttitudePlanningCalibration-d043cd7d0f0447e2b3859c4cf0d7e174
https://utat-ss.notion.site/Electrical-RF-COTS-Failure-1383e028b0ea81828641ff9061218e41,https://utat-ss.notion.site/95693d0aee664c2c9b2c96337c29f12e,https://utat-ss.notion.site/a01eb54ac1d4460da1911062167858ab,https://utat-ss.notion.site/Boris-Potapov-45e1997a1e5b4fc89c2e7bb106f27083,https://utat-ss.notion.site/FAE-SOO-RMSE-Optimizing-Abundances-using-the-Derivative-Wavelength-Interval-and-Scaling-1c03e028b0ea801481b0ff39278196a2
https://utat-ss.notion.site/Simulation-by-Tensor-Tech-4d2a651e630b4458b50ea5df2a32de0c,https://utat-ss.notion.site/1e73975bc8764bcc8a38140f79b86eb5,https://utat-ss.notion.site/FINCH-Eye-V6-Flight-Hardware-Final-Edits-and-Manufacturing-26b3e028b0ea80eeb0fadd201a76b7d9,https://utat-ss.notion.site/Attitude-Planning-Sim-Testing-27dacb9040b6498cb352f6777cd8fc4c,https://utat-ss.notion.site/78b13eed048047a188f163ce529ccbb5
https://utat-ss.notion.site/39de174efbe44c9fa9960cbedcbb9eab,https://utat-ss.notion.site/STK-RF-Link-Budget-Simulations-e4d5c97d408f41e083d5c8a97bef224e,https://utat-ss.notion.site/Signal-Optical-e083cfda8db3416eb407e23a57131898,https://utat-ss.notion.site/a3c9c671014e4107a3761fbfefbf9d60,https://utat-ss.notion.site/Sponsorship-Applications-c693050b671c44aca110dbc46e274115
https://utat-ss.notion.site/Build-Preliminary-Spectral-Library-63c31f2a82e8443a97d03b19bcffe058,https://utat-ss.notion.site/Open-MCT-Notes-965a869e3cc54394895b2e84e8c8bfb1,https://utat-ss.notion.site/FINCH-Destriping-Correction-987e0917bc4c4ff5bb0b3f116ffdf315,https://utat-ss.notion.site/47da1eed14cc4109a7154c9ab6aeb74e,https://utat-ss.notion.site/Look-into-Standards-and-Parts-Relevant-to-the-Clean-Bench-4f58cd3f534849f08f6704c1d68b26f6
https://utat-ss.notion.site/SPRW-Spacecraft-Breakout-2043e028b0ea80c88150cdc47507d182,https://utat-ss.notion.site/Zoom-71395b3a3e5945bcb363b4a406f7ca07,https://utat-ss.notion.site/c85a0889db7d4c25a68df3d50c5fba3e,https://utat-ss.notion.site/2643e028b0ea80e98c41f9c661d9cff1,https://utat-ss.notion.site/Ceci-Krauss-McClurg-02f0aa51f62b48188287ef649df1eeca
https://utat-ss.notion.site/5d136d45152b4371923d1edaedff072d,https://utat-ss.notion.site/DEPRECATED-Charging-5ebaeb8df5b241868f800b05822aed5f,https://utat-ss.notion.site/ff6a6b04a72c45f9bbafbc871366ff40,https://utat-ss.notion.site/Processing-Route-29bb56912d3443f8a303f6cfa71a245e,https://utat-ss.notion.site/db39f3bb05ab470688e540b9827473f7
https://utat-ss.notion.site/Science-Specialist-Spectral-Unmixing-28c3e028b0ea800880f3cacfd51ee39f,https://utat-ss.notion.site/Research-Spacecraft-Grounding-c4818fdc80574e2c9ff49e2ff86681c7,https://utat-ss.notion.site/017d2e68f5094db6b4a1407718257d24,https://utat-ss.notion.site/Resolvance-575d019bb1e74a47925d665e70541bfb,https://utat-ss.notion.site/SPRW-Power-LED-Indicators-1fd3e028b0ea802aa5decab9eea912ba
https://utat-ss.notion.site/Readings-40bf55e84f9e4016ba3f353195ba9162,https://utat-ss.notion.site/2293e028b0ea80f2a0bff2c0e3c519fc,https://utat-ss.notion.site/Star-Tracker-Upper-Battery-Pack-Bracket-2523e028b0ea80e7880fe1ea116c4406,https://utat-ss.notion.site/Getting-an-Amateur-License-a80f0cf3ea74483b94c8a15cc2cb37aa,https://utat-ss.notion.site/RF-System-Diagrams-537a49ea4a36464ea627743c2c689a4f
https://utat-ss.notion.site/Attitude-planning-literature-review-2273e028b0ea80ada828ff9cca2b85f6,https://utat-ss.notion.site/Electrical-CAN-Bus-Fault-1383e028b0ea81ccb7c3f36d172689dc,https://utat-ss.notion.site/Opto-Mech-Sync-October-18-2903e028b0ea802e869ac5548cb9b6da,https://utat-ss.notion.site/Aleksandr-Osokin-2f57007e1e89464b971139a01a9d41e1,https://utat-ss.notion.site/3aca15369ce141ccbcd058a6da7bc27f
https://utat-ss.notion.site/Challenge-Project-a2f0b5385b13462b9e1a634ca50f71d0,https://utat-ss.notion.site/185d8aae837e40918e8512f267bc6ee4,https://utat-ss.notion.site/099333ec16f640ccbdd501bfc54c8f8d,https://utat-ss.notion.site/Mentor-Onboarding-d2a02dd6900f453eb98275a78afd9099,https://utat-ss.notion.site/Completing-the-Training-Plan-Section-2A-of-the-FAST-Grant-2513e028b0ea80b090f2e4073c132efa
https://utat-ss.notion.site/Operations-X-Science-STK-simulations-of-GSD-1a23e028b0ea80259974ff7fd2892fcf,https://utat-ss.notion.site/FINCH-Imaging-Conditions-1fd3e028b0ea80e39efaeb99f1b5cd4e,https://utat-ss.notion.site/17b7ffd6de0345fdbed929c67cb8c290,https://utat-ss.notion.site/FAE-NN-Neural-Implicit-Flow-21d3e028b0ea80a985e4f83cf4b01afd,https://utat-ss.notion.site/AER407-Reports-f4488c7c3b964c629d43c399d7370274
https://utat-ss.notion.site/6bd244138e034527ba05497e0799fabf?v=fdc5f6e3cc024e86bed36d89af06f51e,https://utat-ss.notion.site/Instantaneous-Field-of-View-1633a11f063642ab93b9dd78d0909650,https://utat-ss.notion.site/FINCH-PayloadController-ImagingStorageSpeed-e1e09bff4d3a4203b1432aa4cdccfb71,https://utat-ss.notion.site/Firmware-Build-I-d35f4684609c455f9b404ed6ee6a7bee,https://utat-ss.notion.site/Ayan-Ali-4cf9746e0aff4d7580ba3cae8d1739f8
https://utat-ss.notion.site/FINCH-Electrical-Power-IDR-Summer-2023-c41019d1454f4fa38bc9a16a18836660,https://utat-ss.notion.site/FINCH-Eye-V6-Dry-Assembly-26b3e028b0ea80029882cabcb6fcea0d,https://utat-ss.notion.site/5e806a474a6c4b15867b70d9821b8ca3,https://utat-ss.notion.site/bc8beed5b4304c11a4706726ed3af9c3,https://utat-ss.notion.site/Regulatory-November-1-29e3e028b0ea806582cec114d1ca75ed
https://utat-ss.notion.site/ER4E-Engraved-Cage-Assembly-Rod-4-Long-6-mm-Qty-1-31e80c55dfbf42a0a2b134d9decc556b,https://utat-ss.notion.site/Guide-to-STK-25cd737adda840e88da24500d991c920,https://utat-ss.notion.site/FINCH-V1-Detailed-Mechanical-Design-Assembly-15ae396982bd40e6aff8344766adf8b4,https://utat-ss.notion.site/Pre-Launch-Assembly-Integration-and-Testing-Strategy-of-a-Hyperspectral-Imaging-CubeSat-HYPSO-1-eda59cd6cff945e4a73a4144fa84765b,https://utat-ss.notion.site/Run-DRC-1fd3e028b0ea8049ae9df13839e4d567
https://utat-ss.notion.site/FINCH-OBC-CheckNodes-02435efbb29d4178a3e5ac6762e6e1db,https://utat-ss.notion.site/Operations-Testing-Campaign-7fae8ccb74f740f0a69a397bc3c73361,https://utat-ss.notion.site/Science-Generic-Outreach-Template-06df05a4bb2043bfb8a81e8044c5b819,https://utat-ss.notion.site/Tutorials-51e31007542942b6878a04fa6fb2f42e,https://utat-ss.notion.site/NTCLE300E3103SBA-Thermistors-Datasheet-ea3c1cdc25fb47d7a453e7731c2dd579
https://utat-ss.notion.site/b668876ae70b47e0a8c888346ad6dd89,https://utat-ss.notion.site/SH6MS16-M6-x-1-0-Stainless-Steel-Cap-Screw-16-mm-Long-25-Pack-d809f45a70544c8fb6b86d8ecbb2d902,https://utat-ss.notion.site/Current-ADCS-Projects-06af63e64a9946eb98a3a7117fa04351,https://utat-ss.notion.site/2f0c79471fa34ea4a1d93ee4f641df3f,https://utat-ss.notion.site/FINCH-Sensor-Parameters-Test-as-Science-1fd3e028b0ea80e181ebc15a819334ee
https://utat-ss.notion.site/utat-ss/NX-4a5e6935aeaa48ffa4b1216d5fdaf1f7,https://utat-ss.notion.site/Onboard-Processing-18686069a97a463f90aa4e0ee522a5c0,https://utat-ss.notion.site/cee0b3e927d94d968ebde0325f446246,https://utat-ss.notion.site/Advisor-b33412743a134f69bc8a3d40ddf57be0,https://utat-ss.notion.site/Winter-2026-Opto-Mech-EDR-2ab3e028b0ea80378bc2e4377146b325
https://utat-ss.notion.site/Bus-e08f8a19394244b79c97162f7229473a,https://utat-ss.notion.site/Ben-Bornstein-60446303ba8449a68cff4e12b1877f5a,https://utat-ss.notion.site/Debris-Assessment-Spring-2025-1f13e028b0ea80ab8c97e2d2484405c4,https://utat-ss.notion.site/Research-PVP-aea80eaa8fdf45e08ac9c3f768c3bbe6,https://utat-ss.notion.site/Getting-Started-with-Attitude-Planning-e81a4309879745d6933d6acda027388b
https://utat-ss.notion.site/Regulatory-4d36a5818b79424294247a30c9e0d6d9,https://utat-ss.notion.site/20cf603ca95d4a0c90b90fd0276b563f,https://utat-ss.notion.site/Ground-Station-Design-Lead-7bb79122b29e4b8c922a209b789f1fe6,https://utat-ss.notion.site/1d93e028b0ea80eea35ddbe26f6d9f23,https://utat-ss.notion.site/FINCH-Operations-Cycle-6e659452e2614078b912fece0db4363f
https://utat-ss.notion.site/Required-Ground-Projected-Velocity-df0b43011a124672972a1e25ce2a4814,https://utat-ss.notion.site/ADCS-10m-D-Sat-Details-2c48e29ddbc6420ba1a0a0ce306ad0d5,https://utat-ss.notion.site/Books-86bf3998beab4e1fb925c011d429e235,https://utat-ss.notion.site/UTAT-Socials-2903e028b0ea805f8122de276c8967d7,https://utat-ss.notion.site/f488b561c6774b89b1bc9f7bfdf4fe0e
https://utat-ss.notion.site/81d9db16e61f4f53864b818a0b128be9,https://utat-ss.notion.site/Operations-Example-Error-1383e028b0ea81f1a27fc96835aa920c,https://utat-ss.notion.site/Power-Austerity-2b33e028b0ea80d68493dd0af1c090fb,https://utat-ss.notion.site/Adam-Taback-d93c602d2d8b40b3baa06078a1529ad9,https://utat-ss.notion.site/Literature-Review-on-Unmixing-Algorithms-b8373582e6594b56b1c712575ed36b26
https://utat-ss.notion.site/FINCH-OBC-ExternalThermistors-f44c207113b94d899eea1ff591cbb766,https://utat-ss.notion.site/Beaconing-217cf52c84484e35a4ec666949115b80,https://utat-ss.notion.site/Ground-Target-Error-22b3069f4a0344b08339e5004f90438b,https://utat-ss.notion.site/Document-Master-List-fe444bea9a1f42e8b9aa13bcaf1768b7,https://utat-ss.notion.site/Data-Processing-Internal-Design-Review-3bb2ab8007c24caba96839cebcb7bebd
https://utat-ss.notion.site/FINCH-Mechanical-WiresUnobstructed-4899defe89cf45d3865193bc56bdabe8,https://utat-ss.notion.site/utat-ss/1000-Hour-Test-407f07cf60874f889ca3053536c200c0,https://utat-ss.notion.site/3-ADCS-Meeting-2025-Fall-2823e028b0ea80af9da2e3f3a1072e9b,https://utat-ss.notion.site/31fd1f64af334ea7a2b41de90c0dcae9,https://utat-ss.notion.site/TT-C-Antennas-On-Satellite-021821499b9b4d15a82c56f3e880af22
https://utat-ss.notion.site/ADCS-Controller-147d5d6ebcb94e73a8ec9d98132ec5f7,https://utat-ss.notion.site/MESH-DISH-KIT-1-5-METER-3626b1f97d534f7abd063beaa5e509bb,https://utat-ss.notion.site/Mechanical-September-27-27b3e028b0ea80dbb08fd05b9486194f,https://utat-ss.notion.site/Antenna-Mechanical-Compendium-e212f94dcb9e425ab11d4dd26f9ccc1f,https://utat-ss.notion.site/2c612c4681b646d08e36e7d3a54f111a
https://utat-ss.notion.site/YouTube-Tutorials-c02dacec2d6844c9a4d4e64d98a0004d,https://utat-ss.notion.site/CB-00-Space-Systems-Code-of-Conduct-52a987e98ba4404eaf1b51894efebc81,https://utat-ss.notion.site/Clean-Bench-9926bd9a31364e428a5d2073d6da4655,https://utat-ss.notion.site/bc06ad6317fb4a919c8aad7f1f9c8a64,https://utat-ss.notion.site/Ground-Station-Amplification-397920e13a064bceb17de55633079ed8
https://utat-ss.notion.site/ADCS-Design-Lead-7e536a2c3fbc40b28352074ab62b1a8f,https://utat-ss.notion.site/73c9d422a5204bcc9245a752413353e8,https://utat-ss.notion.site/8c21537eb11043d5b947bafb5a82bb40,https://utat-ss.notion.site/Modes-of-Operation-Intricacies-69123ad9ea044b3b850dc62bb973e4e6,https://utat-ss.notion.site/ADCS-10m-Notion-Manual-ed4aec85c24d44e8a63187a328c896ff
https://utat-ss.notion.site/Aleks-Rakulj-2904d1d9f4234dfbbac7dd7cbe56c139,https://utat-ss.notion.site/FINCH-Antenna-Characterization-f756291ed5e44cbd99024d7f7db80112,https://utat-ss.notion.site/6bef42caebe0458eb5df4374577e33fa,https://utat-ss.notion.site/dc9ed725155b405781f05482e57885c6,https://utat-ss.notion.site/Spectral-Binning-Trade-Off-f31fb417d3524879b50ea127102437f0
https://utat-ss.notion.site/Regulatory-November-22-x-RF-2b33e028b0ea8025845de1522afe4601,https://utat-ss.notion.site/e145db7bc0c94f199279a3f52af2fb34,https://utat-ss.notion.site/VA100C-M-30-mm-Cage-System-Adjustable-Slit-M4-Tap-Metric-Micrometer-b0bb6b762e594fbebe22b6708c7fce1b,https://utat-ss.notion.site/2025-Summer-EDR-Opto-Mechanical-Recording-2563e028b0ea8047beb6d75d7a5774f3,https://utat-ss.notion.site/97fa6592b7384ee8ad2cec255383a5f7
https://utat-ss.notion.site/Mass-budget-20a55963115f45ad8cc7dd6d9097953a,https://utat-ss.notion.site/e716bc167727478c8c627306669b266e,https://utat-ss.notion.site/9acfaf977a524526bd40745844124f80,https://utat-ss.notion.site/53e9a4680b464e6abad2863e4eb8096f,https://utat-ss.notion.site/FINCH-Eye-V6-Detailed-Design-1bf3e028b0ea80668385e4c6b02e6471
https://utat-ss.notion.site/9e7624cb0c414a89a4b0431a88c86f7a,https://utat-ss.notion.site/Complete-The-Initial-Command-Menu-7e766dba5aae4eb7a3364279b5574ee8,https://utat-ss.notion.site/UTMail-d74874dd02864e3f9901810443eccaf5,https://utat-ss.notion.site/Ground-Station-ALL-Meeting-Minutes-Depreciated-May-2022-8a84b2a8ec8a4053a56b377a3bfebf05,https://utat-ss.notion.site/411b7b7f34684d63b2e392c6b66278bd
https://utat-ss.notion.site/Solar-Panel-Exposure-During-Various-Attitude-Modes-20e3240152034b1294f28f6dfbbfd234,https://utat-ss.notion.site/Space-Mission-Engineering-The-New-SMAD-bae94e999d8d480eaed3e682d756a748,https://utat-ss.notion.site/Battery-Pack-To-Split-or-Not-to-Split-or-How-to-Split-1f93e028b0ea80808e8cf2db4fe86b36,https://utat-ss.notion.site/Ops-Error-Communication-Failure-e31264b619ea41a5916d3dad695e64ee,https://utat-ss.notion.site/Ground-Station-Automation-Project-08ba608a5ed6451999a0fc5fd6d53c2e
https://utat-ss.notion.site/Atharva-Deshpande-ee570dcc9b524a43b1a6e686f16ebf83,https://utat-ss.notion.site/SDMMC-or-SPI-for-memory-29b3e028b0ea80e389cfceeb01c56a98,https://utat-ss.notion.site/Space-Systems-November-15-2aa3e028b0ea80eeaab7f0b3615c2b00,https://utat-ss.notion.site/Researching-available-commands-of-FLIR-Tau-SWIR-2633e028b0ea803ca557f87b192b54fe,https://utat-ss.notion.site/FINCH-DP-OnOrbitCallibration-5a769c3fd7254065858a61a39300df0b
https://utat-ss.notion.site/utat-ss/FINCH-Phase-D-3ffc1068b57b4f2f9425047d9681d463,https://utat-ss.notion.site/Specialist-Role-Template-29a3e028b0ea8041ad42e6b9f2f1ac45,https://utat-ss.notion.site/EPET-400-Lectures-05518dc55a27463bab66a4746b9e313c,https://utat-ss.notion.site/024b8507cb874a75bce0abeee50f99dd,https://utat-ss.notion.site/e39bbc672b5c47069ac5b609e874760d?v=cd31a3d313fe4ae3ab9ca9b813859468
https://utat-ss.notion.site/Coby-Silayan-117d2dc9b2c14e07bed228846164f1f7,https://utat-ss.notion.site/1fd3e028b0ea80cc8763efefad306a28,https://utat-ss.notion.site/2-ADCS-Meeting-2025-Fall-27b3e028b0ea8048acf2c70b43c0b8cf,https://utat-ss.notion.site/570b8d42128149fd8816c9e7fb36d72e,https://utat-ss.notion.site/utat-ss/Head-of-Outreach-d967c3f3ca704abf848e2df592e9b709
https://utat-ss.notion.site/OBC-v1-0-Bring-Up-03939191d2c545baaf2a8de8a8846620,https://utat-ss.notion.site/Mahdeva-Rahman-27b3e028b0ea8047abf0f2aaca724009,https://utat-ss.notion.site/88f04359d92e46a9aad780e318c1d0b0,https://utat-ss.notion.site/Meetings-Log-c03f9801930445e09d7aab32bbbd8a93,https://utat-ss.notion.site/a9e5f283c97b451abc37f5331f388164
https://utat-ss.notion.site/FINCH-Mission-Operations-Science-Objectives-02f54c1a7edd4659a575c4955263859c,https://utat-ss.notion.site/Lab-Automation-0f1cbbcb13e04fd0a87faa2d4218e28d,https://utat-ss.notion.site/Operations-Example-Error-New-Format-1383e028b0ea81999b8cf357dcdfb498,https://utat-ss.notion.site/19aa98b0a9724fffa4f89fbf621644e0,https://utat-ss.notion.site/Cleanroom-Sourcing-673eb04db22549b1a46637c5f202f005
https://utat-ss.notion.site/ADCS-Redesign-OPS-Notes-07a9999b7d624c038bf1a32979a0b83e,https://utat-ss.notion.site/FINCH-ADCS-HardwareCapabillity-162f993a459947bebc7722cdef50511a,https://utat-ss.notion.site/1963e028b0ea8057830df7c77acf9166,https://utat-ss.notion.site/Undeviated-Wavelength-963934318eb24a8bacef902f342f257f,https://utat-ss.notion.site/5bb45a9ab3d2437397cba19e6c284be0
https://utat-ss.notion.site/PAY-v1-0-SD-Card-Bring-Up-1d93e028b0ea803e9d43dbeca8fdbddb,https://utat-ss.notion.site/8680c7384be24b768cd5416232da5970,https://utat-ss.notion.site/Downlinking-Route-755d696de3144235ad79227e4c579d9a,https://utat-ss.notion.site/Timeline-of-Orbit-56f3512f794b409baf4d5c111298af77,https://utat-ss.notion.site/c9102501a0114e8088c5c5a98f29e868
https://utat-ss.notion.site/Update-Response-Uniformity-Testing-f73273804859457aa2c5dff0b9d09c81,https://utat-ss.notion.site/ITU-Meeting-API-Review-2773e028b0ea80c2bcb3ece7744587a4,https://utat-ss.notion.site/L2175-Xenon-Lamp-f98d968d76954388b9562ae5c437738c,https://utat-ss.notion.site/Andy-Gong-2ca3dd4934654f66b9d31a48f8ddef4c,https://utat-ss.notion.site/4a5e6935aeaa48ffa4b1216d5fdaf1f7
https://utat-ss.notion.site/95b84c75907c416d938b1102a4ae6554,https://utat-ss.notion.site/Spacecraft-Deployment-Setup-LEOP-7640bb9d3e804816af44290046a7fc16,https://utat-ss.notion.site/ef9c4c1a48ea4703a97ddb78e15af479,https://utat-ss.notion.site/1fd3e028b0ea8031896fd0f4c63e675d,https://utat-ss.notion.site/Ground-Target-Error-vs-Pointing-Accuracy-0b3e6b592a2d4f8f96efa6ff39eb2421
https://utat-ss.notion.site/5d2f5c882e474886b875dbf623e34040,https://utat-ss.notion.site/Interviewing-for-Engineers-63f30dabcbd64c79a1a89d81237c6387,https://utat-ss.notion.site/FINCH-OBC-InternalThermistors-84fa5958691d47178387cb3ff0948b2c,https://utat-ss.notion.site/a2d4d8ecffaa4db3b9c8f5ed044daec7,https://utat-ss.notion.site/SPRW-Power-Output-Power-1fc3e028b0ea807eb5e6f260d88e4801
https://utat-ss.notion.site/HERON-Phase-D-54942cb24e04484cb1d6b8c020e55bf1,https://utat-ss.notion.site/Regulatory-September-20-2743e028b0ea807ea0b2e847a7092cc6,https://utat-ss.notion.site/UTAT-Space-Systems-Demo-Day-441ba05672614c36b2e2ea8274d3e908,https://utat-ss.notion.site/Modelling-Heat-Flow-Paths-90ebc34eef244020a029644926848773,https://utat-ss.notion.site/Link-Budget-556ef32c2cd44088acd7e21f61b0a165
https://utat-ss.notion.site/660068a07b694305b56c483962e927c5,https://utat-ss.notion.site/7-Solar-Panels-2393e028b0ea802c8e29def3305a4e3e,https://utat-ss.notion.site/Mechanical-Design-c93383e214bc4f058deafeb4bed6701d,https://utat-ss.notion.site/FINCH-Modes-of-Operations-Space-40cbd30097a64a27aae241ed4231b9a5,https://utat-ss.notion.site/Pointing-Budget-0834b4e71ce340c7a73ced9807406a0c
https://utat-ss.notion.site/Optimizing-Mass-3d297c0947094733b0286419ec77d600,https://utat-ss.notion.site/004cd2c64eec4c66b7b3373691f48fe0,https://utat-ss.notion.site/OBC-v1-0-1b73e028b0ea8090a242f8701780d512,https://utat-ss.notion.site/Training-Validation-Split-Optimization-2903e028b0ea80d7a1a9d4a7ac3d7a9c,https://utat-ss.notion.site/Aliya-Bayer-1d49286f300f4d4ea6359f24778c0045
https://utat-ss.notion.site/FINCH-Smile-Correction-fde32b1301c141edad9ecb8c2ec46e7c,https://utat-ss.notion.site/Bhavya-Bhatt-bfe91a0f558d4682b56b0f1dd2d4d301,https://utat-ss.notion.site/Imaging-Route-e9f13f909ac547d7b7b8104dabca4862,https://utat-ss.notion.site/Safety-153b9058ac564cfba6ddcc143546cb78,https://utat-ss.notion.site/NX-Shortcuts-4b3aaff8b24b450a81b9b479de6be297
https://utat-ss.notion.site/Agrim-Sharma-ecab2fc5f17c4260a705e8b883d57886,https://utat-ss.notion.site/FINCH-Electrical-DummyGroundStation-1b73e028b0ea80e6bf85c2521d07df43,https://utat-ss.notion.site/Suggested-Edits-to-Phase-C-Completion-Criteria-1f23cb91feb64c9ea9027ed50e998b36,https://utat-ss.notion.site/db835bc618e84b43ac9ed8b2a78c0eb8,https://utat-ss.notion.site/Caitlin-Croskery-2c07fbdf2dde428cb43297e5d9f9fe9a
https://utat-ss.notion.site/SR-Flowchart-4a14ca6b8aa5490baac9ae792fd6f392,https://utat-ss.notion.site/DEPRECATED-D-Sat-Route-0749ac8eb3d14ccfac64fa3c2fe24a46,https://utat-ss.notion.site/3624473ae39d4115a8f1329101e3758d,https://utat-ss.notion.site/Mechanical-November-22-2b33e028b0ea80959045c4debf7a6dc9,https://utat-ss.notion.site/a44733a223f1448fb0a2cbbc492a9afe
https://utat-ss.notion.site/Spacecraft-Deployment-and-Setup-LEOP-finalized-2133e028b0ea80e7b764f4a8837e62ee,https://utat-ss.notion.site/Importing-Design-Rules-2976a1e07317456d8c2391ff6048bf85,https://utat-ss.notion.site/4deff4f7f1b248cdb84f7b37c2d8fee0,https://utat-ss.notion.site/648a7019ccd0429d876ccd5946efc1d0,https://utat-ss.notion.site/2021-Satellite-Operations-Planning-ARCHIVED-6af7de498adc4c3fac2067e6b3f032bf
https://utat-ss.notion.site/44437e6ebbc04b8fbbe7a17350ceca4e,https://utat-ss.notion.site/1fd3e028b0ea80069772d7e47b13e1dc,https://utat-ss.notion.site/FINCH-Phase-B-0b2ae398d22c4904a1a073e2a536ea61,https://utat-ss.notion.site/Attitude-Planning-Simulation-63006ee3a7ac4dadae7fc7c467fe6e70,https://utat-ss.notion.site/10bdf16fa926473990255d5733858f73
https://utat-ss.notion.site/Peer-Mentorship-Planning-70f3db47c6224e878b7bc50a41fcbede,https://utat-ss.notion.site/Team-Logistics-9fd9064d8a08477089f56bb869c11e48,https://utat-ss.notion.site/Ops-Error-Ground-Command-Failure-deca08ee5b234449bfdee5e720ce80b7,https://utat-ss.notion.site/Updating-Lower-Battery-Pack-2823e028b0ea80ce9b43ee13d00f4d6f,https://utat-ss.notion.site/f6648d95c6af4a07a7334c4cffa9dad8
https://utat-ss.notion.site/19387dcf8bf0406792fdc236954e7fcc,https://utat-ss.notion.site/Launch-Environment-710f27286e354c8ea2a82933ee22cae3,https://utat-ss.notion.site/RF-FINCH-Ground-Station-Lead-1e73fdddbc3743e4948226c6d6fe1c35,https://utat-ss.notion.site/FINCH-Science-Mission-bb7fade77423487d979eeaefaf8a051b,https://utat-ss.notion.site/2a390d0ea78c45f1ab6405958c458069
https://utat-ss.notion.site/Epoxy-for-Solar-Panel-Mounting-2393e028b0ea800e8dcfd43e83b4d438,https://utat-ss.notion.site/Mechanical-November-15-2ac3e028b0ea80acb380f4b56cda276a,https://utat-ss.notion.site/Payload-Firmware-Build-I-66f0727c74424c6ab3715d57e8d080d9,https://utat-ss.notion.site/Find-A-P-Eng-522f1b37332f4d54b9becdd270e80677,https://utat-ss.notion.site/Structures-Prototype-V1-928471ca6aa2469d8e223a02c42bf5d7
https://utat-ss.notion.site/Ground-Station-Software-Setup-02834484c9c948c1a280c928033ffde2,https://utat-ss.notion.site/282ae0960e004e278114468c30c07975,https://utat-ss.notion.site/aec848580681403b9865d0984fa34e52,https://utat-ss.notion.site/Downlink-Mode-c85a0889db7d4c25a68df3d50c5fba3e,https://utat-ss.notion.site/What-is-EPS-8f119a52fc4141e9918ad9f3dead05ec
https://utat-ss.notion.site/f998e1e363504066a32c8005660a6152,https://utat-ss.notion.site/Aniketh-Salil-e78ea3b335de41d59dda7b6a54ea9d59,https://utat-ss.notion.site/Electrical-Helmholtz-Cage-should-be-revised-a075c827a0ff47c296736addce5bcace,https://utat-ss.notion.site/Affan-Khadir-c3b4dda0721e4974b792cb98741d9230,https://utat-ss.notion.site/8e4c10b703964e95bcc3adcaf6901a0c
https://utat-ss.notion.site/Adjustable-Slit-d0b8e15813f243beb075a8766c900e74,https://utat-ss.notion.site/b067f249133644d896dee95186335f6d,https://utat-ss.notion.site/Conduct-literature-review-on-system-level-testing-campaigns-ef9c4c1a48ea4703a97ddb78e15af479,https://utat-ss.notion.site/utat-ss/UTAT-SDR-Testbench-767fe29bf199416ab34e4e053e20e192,https://utat-ss.notion.site/02035db4944d4e26a7ed2d08fc6a65d9
https://utat-ss.notion.site/Introduction-to-Modulation-Transfer-Function-020dd0639fc14fefb03f14e4c6db2911,https://utat-ss.notion.site/Thermal-Tricks-1-Conduction-and-Heat-Paths-d58e4e23344743a7b60e13f729cf0d25,https://utat-ss.notion.site/Confluence-Archive-08c9bb0a8eca4a38a68de985b9bc9a28,https://utat-ss.notion.site/2a53e028b0ea80fca40fc97ba0ed0a97,https://utat-ss.notion.site/192a426fa3764ed3a07585d1b9d7f2d6
https://utat-ss.notion.site/What-is-stray-light-and-how-is-it-monitored-07c8ed63462e4663b8a3fea66d6b0d2c,https://utat-ss.notion.site/Document-Master-List_4980919.html,https://utat-ss.notion.site/Alex-Apostolu-73035bfa08364ae6a4c50115b264d37a,https://utat-ss.notion.site/OPS-RF-Module-Testing-1889197b338e4c1ba46345b00227c346,https://utat-ss.notion.site/3d8e97bf42924aca8a5edd9fe3904fd2
https://utat-ss.notion.site/cbf0f63634e0432cb9d92672f5829f81,https://utat-ss.notion.site/Spark-Design-Ideas-82c22b1056c4485a84e49825c5e80d60,https://utat-ss.notion.site/57dedb70d0ce4e229b21339004d62a9b,https://utat-ss.notion.site/DevKitSat-II-ed889655221148d3bfdec5db53825afb,https://utat-ss.notion.site/40c01a3bd7fa4d8cb239c694c01189d3
https://utat-ss.notion.site/Mechanical-September-20-2743e028b0ea8044a516f23a581b6e3a,https://utat-ss.notion.site/Sensor-Parameters-Requirements-02035db4944d4e26a7ed2d08fc6a65d9,https://utat-ss.notion.site/Ashwath-Chadha-e8c6b71ddd1a42bfbde339e02a2537f0,https://utat-ss.notion.site/2daf63625eb14c5f927448ad43c19051,https://utat-ss.notion.site/Onboarding-and-Literature-dd4bd130d7bb49ad8efaad481217733f
https://utat-ss.notion.site/25d5400cbe654fa190c40b2f3dd2bc16,https://utat-ss.notion.site/UTAT-General-Story-Template-0da0b87731f649519c5217006058e6b4,https://utat-ss.notion.site/ab24857398604c7fa4d2feb6ea864656,https://utat-ss.notion.site/FMEA-FDIR-Research-107e521fa712405f9c51c251c6610e5d,https://utat-ss.notion.site/a013319c41364850b88342ae45a620a2
https://utat-ss.notion.site/Summer-2023-External-Design-Review-Schedule-0cf715c9cc71490f9cfea2afbaadf42f,https://utat-ss.notion.site/Modes-of-Operations-for-a-3U-Cubesat-with-Hyperspectral-Imaging-Payload-e56c849bcbee4508a9c55b6d2ba44dc2,https://utat-ss.notion.site/Electrical-Memory-Failure-1383e028b0ea81168f90e148020126ea,https://utat-ss.notion.site/Circular-Patch-with-Elliptical-Slot-47839b71bb974928b3578a83510bf074,https://utat-ss.notion.site/Sun-Sensors-484fb9b61f034a16b13eb4a922f58311
https://utat-ss.notion.site/Andrea-Barbieri-f1a9a543cac54ac6a8ef476637cccab3,https://utat-ss.notion.site/4d4843ab3ff0448da600d860b49a5cad,https://utat-ss.notion.site/GroundStation-RF-b2c2c1806e4e40068a7d3727cf58c126,https://utat-ss.notion.site/SPRW-Power-FileName-2043e028b0ea80dd91dcdb9b0c88b394,https://utat-ss.notion.site/b1cae40bd633411a92b5277fc9130fce
https://utat-ss.notion.site/FINCH-Power-Supply-78b13eed048047a188f163ce529ccbb5,https://utat-ss.notion.site/Aishani-Chaudhuri-19b3e028b0ea80b4938ac71c912977b0,https://utat-ss.notion.site/Opto-Mech-Sync-November-8-2a53e028b0ea806ebf0dd1f41da9cb37,https://utat-ss.notion.site/CDH-Design-Lead-f6d424ce3f814f4484b73987e13ef3d7,https://utat-ss.notion.site/Ground-Station-Random-Satellite-Link-95d4904ddf704cd6b77c9f946b79de76
https://utat-ss.notion.site/a2846a92f44b4d85b49534c4be855e3c,https://utat-ss.notion.site/FINCH-Eye-V6-Low-Fidelity-Engineering-Model-26b3e028b0ea8071904bed52961e78db,https://utat-ss.notion.site/FINCH-RelayLens-ClearAperture-55d2c20ea1b64b18b7835aaf05b29b03,https://utat-ss.notion.site/CP33B-30-mm-Cage-Mounting-Bracket-326fd57f3c0d4c77b364318e467fc852,https://utat-ss.notion.site/utat-ss/FlatSat-Build-and-Testing-31e1b683dff84552b403b5638969bb59
https://utat-ss.notion.site/Machine-Learning-Specialist-2913e028b0ea807fa72ee4bbbd6b059b,https://utat-ss.notion.site/Command-Planning-746badad5c2041e99f15af0ef8b75e5a,https://utat-ss.notion.site/Amplifier-Controller-f5abe3a686fc4dfba4406408e509d329,https://utat-ss.notion.site/FAE-SOO-RMSE-Optimization-of-Derivative-RMSE-and-Points-1b23e028b0ea80daa52cde47a14574f1,https://utat-ss.notion.site/CP13-M-C-Mount-Threaded-30-mm-Cage-Plate-0-35-Thick-M4-Tap-4bf3d433ad5f44028f2b859ecef52d4b
https://utat-ss.notion.site/2bce38de6f554ff8b6950bc6567a175b,https://utat-ss.notion.site/FINCH-ADCS-SunSensorPlacement-3c5a9c24ee8a4dacbd5e9fdc5c8cef8f,https://utat-ss.notion.site/FINCH-Ground-Station-cd8e3c6ed0ee4fb29301e27794792ebe,https://utat-ss.notion.site/6684eed68f714a00b38dce97bef3d089,https://utat-ss.notion.site/Bakeout-and-Cleanliness-Control-Plan-717cf8b2d8b84f0bbe0158788d7114c8
https://utat-ss.notion.site/ADCS-Star-tracker-fail-1383e028b0ea815084cfd7043de828f2,https://utat-ss.notion.site/ER4-Cage-Assembly-Rod-4-Long-6-mm-7a15e5a8d0fb418a9847d77feae4f14c,https://utat-ss.notion.site/1819461a3a2b4fdeab8b9c26133ff8e2,https://utat-ss.notion.site/05bac95bb1ad4f7e89b19cde47428986,https://utat-ss.notion.site/UTAT-Team-Transparency-4329e8e45ad2467e9b887f89bed6b3d9
https://utat-ss.notion.site/G-5500DC-1a6455adbdd64c95aaa7c5d62b362c82,https://utat-ss.notion.site/FINCH-Firmware-Deterministic-2b33e028b0ea80c694a9d4a4faa9ab34,https://utat-ss.notion.site/babe96e3804245179c7adc77eeb22f85,https://utat-ss.notion.site/Hyperspectral-Datacube-Size-5390b2593dff48b2b96d954eb8267844,https://utat-ss.notion.site/FAE-NN-Convolutional-Neural-Network-21d3e028b0ea80abba46db2e77b8dab3
https://utat-ss.notion.site/f0c90d0736eb497da2b1547a692bf873,https://utat-ss.notion.site/Create-the-FINCH-Design-SPEC-1f53e028b0ea806a9c59d1d5cba9dd87,https://utat-ss.notion.site/ADCS-Redesign-118de8f345ec45e885449a915fa1a244,https://utat-ss.notion.site/MOO-Variables-e8ac5380614e4ecbbda04b49fc95a6b4,https://utat-ss.notion.site/e7b4ea7f457c4d2c87e018ab9e7ef7d3
https://utat-ss.notion.site/6c09bdaf923545f29b788c4cfe7ab706,https://utat-ss.notion.site/ae6ce4c60e4944d3ac4b10b9b4c2fa5f,https://utat-ss.notion.site/Technical-Information-and-Parameters-7d3ba3ab482648a4a4bf74291dd6fcac,https://utat-ss.notion.site/MVL100M23-e42462273e054a02a74d39c8ebe0f592,https://utat-ss.notion.site/Pritunl-VPN-3459eed5047a4f3f8ce419dd378ce166
https://utat-ss.notion.site/24d2f5192ac84ba39e0bf57fcc8ea814,https://utat-ss.notion.site/2a33e028b0ea806db62fc1b4005d9ddc,https://utat-ss.notion.site/0d94d04d480c4446b1291fad6f2d28cb,https://utat-ss.notion.site/Density-5bb20fc84e2644feb7c668e2c620c962,https://utat-ss.notion.site/957a7b95cc65454fb64c849704470c11
https://utat-ss.notion.site/1fd3e028b0ea8046a1ddc0116adf4455,https://utat-ss.notion.site/Heater-8033479732334270933183fa6c4c9495,https://utat-ss.notion.site/Mech-Side-Panel-Meeting-21e3e028b0ea8076bdabede2d1970ad9,https://utat-ss.notion.site/cbe0697366c44d53ba6c7e5a3e3c78d3,https://utat-ss.notion.site/OBC-and-PAY-Merge-2903e028b0ea80858931eb6cf7412a05
https://utat-ss.notion.site/Opto-Mech-Sync-November-22-2b33e028b0ea807887a3ef88f2a14a48,https://utat-ss.notion.site/FINCH-Spacecraft-TestInterface-a22d01811286492cbb09129038d5947d,https://utat-ss.notion.site/FINCH-Spacecraft-CommonBus-1f6ce7cb54c5470c884319ba0c3baa56,https://utat-ss.notion.site/Splitter-Combiner-Placement-3702e89a27554116a0403e8b32fc4144,https://utat-ss.notion.site/AIT-Troubleshooting-Connection-to-EGSE-2033e028b0ea801da528f32d2dcdbb6b
https://utat-ss.notion.site/Full-Width-Half-Maximum-1445b844f63147f3a113468b510140c6,https://utat-ss.notion.site/On-Orbit-Sensor-Calibration-2a33e028b0ea807a93b9ee3cc75f68e1,https://utat-ss.notion.site/VPH-Grism-Diffraction-Angle-33e62d46daf2498d95189d734de856c1,https://utat-ss.notion.site/bffe4c99122841f79c097ffa01d87931,https://utat-ss.notion.site/FINCH-External-Design-Review-33346dcc79734c50aea745c8c17b0d37
https://utat-ss.notion.site/RF-Ground-Station-Design-Lead-Role-Description-cc54830dd51c4f3a923bc47a9c7c3aa5,https://utat-ss.notion.site/Data-Budget-8c1de21dec6e4c84969ffcac170c8db1,https://utat-ss.notion.site/Air-Quality-Monitoring-In-Clean-Bench-375e28e229774e1ba210d35e1e8a2607,https://utat-ss.notion.site/367d31af354f48eb877200ce4ce2ea0c,https://utat-ss.notion.site/FINCH-Spacecraft-Volume-2273e028b0ea8074b0faf50c65ce1417
https://utat-ss.notion.site/Spatial-Alignment-Test-f44adee5092845a79e258c64f1c21036,https://utat-ss.notion.site/26ea34c7cfcc4539911393c3414ade4f,https://utat-ss.notion.site/92e135498e9e46d5a59f5a9bd4d819d7,https://utat-ss.notion.site/STOP-Analysis-Optical-Workflow-64a2dbed08d749c892b834c4707b7dae,https://utat-ss.notion.site/c18f3f3cfe2e4b2b8e62f4eb090aad63
https://utat-ss.notion.site/9eb3732882d74fa59f3b8f87e4b31b12,https://utat-ss.notion.site/FEC-Things-c97051ac062f4baeabdb3348238afdea,https://utat-ss.notion.site/Knowledge-Hub-b0eca3cab34c4413ae784843fed294b5,https://utat-ss.notion.site/Software-Defined-Radio-223f51e9275244b28488a9c1b5be9591,https://utat-ss.notion.site/WISE-x-Space-Systems-2a33e028b0ea80f0954af2b2916e0072
https://utat-ss.notion.site/Alex-Huang-8c7d590a976e45cba08e4858b5b953d4,https://utat-ss.notion.site/Clean-Bench-Trade-bca6d220a55747bb8f2b33cba2993b54,https://utat-ss.notion.site/Opto-Mech-Sync-October-4-2823e028b0ea806f8961f0e79eee2c80,https://utat-ss.notion.site/ADCS-Unable-to-Detumble-1383e028b0ea8104a41dfd90469f8be6,https://utat-ss.notion.site/Ratio-of-Cropped-Light-through-Slit-d49a933b72fe40738c3ebeecd5b37491
https://utat-ss.notion.site/Solar-Panel-Mounting-Ideas-744b351dc5bf4bc2b02bc86ae80025a7,https://utat-ss.notion.site/Ops-Error-Power-Loss-2f482a2f350b43959a0a0eab81bd6c26,https://utat-ss.notion.site/FINCH-ADCS-AIO-e0cf0851e25b4050ac8d99892cd4f987,https://utat-ss.notion.site/1f63e028b0ea80929330da6b8bab7492,https://utat-ss.notion.site/RF-Budget-ba1d7eccd1804820972c3a11485f88c3
https://utat-ss.notion.site/Flight-Antenna-fd1d0bbac0a9438180a1e4a0e482f725,https://utat-ss.notion.site/3a3d4cc2c77d49079256537cf2743801,https://utat-ss.notion.site/2903e028b0ea80858931eb6cf7412a05,https://utat-ss.notion.site/Head-of-Baking-2ba3e028b0ea80ef9771d3d7072439d5,https://utat-ss.notion.site/Autonomy-Requirements-Engineering-f74d65fb974543729ee6efb22e239830
https://utat-ss.notion.site/Khang-Ksenya-Christina-Responsibilities-1a43e028b0ea8098a6f1fa56cd9b4140,https://utat-ss.notion.site/NERIS-Type-Explorer-0efe223e099843c39210c69cdad7145a,https://utat-ss.notion.site/FINCH-Spacecraft-MaterialsOutGassingCriterion-899af79d0b674abd9a1134cb0d7ff2b2,https://utat-ss.notion.site/An-Approach-for-Geostationary-Satellite-Mode-Management-a6811907d2174014a53eba58d1c5cec6,https://utat-ss.notion.site/CDR-Optics-Payload-Notes-e5640f661c7d417f8f5a75045f150d0e
https://utat-ss.notion.site/e1938ec9f3414f06a818c47ccdc73c28,https://utat-ss.notion.site/22e3e028b0ea801ca6cce6496b790a36,https://utat-ss.notion.site/97fed4a148a34d47a6dbd5cbc22b8405,https://utat-ss.notion.site/Ground-Station-User-s-Manual-1ce5ca7fe94a4fc3b631bc696f68502f,https://utat-ss.notion.site/Mechanical-November-1-29e3e028b0ea80a08b27fec9d3500503
https://utat-ss.notion.site/Case-2-93a84724369d4f0eb034d2150f5e4df0,https://utat-ss.notion.site/382d8fb37d2b47a78873e411bdbee5d8,https://utat-ss.notion.site/Source-of-Truth-Project-4bcd63d6f6204d009bfcda07b5674de9,https://utat-ss.notion.site/3ffc1068b57b4f2f9425047d9681d463,https://utat-ss.notion.site/Afrah-Iqbal-1fd3e028b0ea80a8af96c25dcc0e3077
https://utat-ss.notion.site/Science-Specialist-Atmospheric-Modelling-28c3e028b0ea8046a9f1f82dc3569919,https://utat-ss.notion.site/Nov-08-2025-2a53e028b0ea8064a93fc3743489a5a0,https://utat-ss.notion.site/0a9b720f86cb42c6bb075c1feb450f13,https://utat-ss.notion.site/92d18f0c626342d183b21fb571f9afc8,https://utat-ss.notion.site/f91f40f5497041b483223bb562abd66a
https://utat-ss.notion.site/a034365a83d94f02923c98b9173e5916,https://utat-ss.notion.site/V6-Test-Plans-2d63e028b0ea80c18692d92bfbb62277,https://utat-ss.notion.site/SH4S019-4-40-Stainless-Steel-Cap-Screw-3-16-Long-50-Pack-58dac1d95dd247fe8d525d54d117bb4a,https://utat-ss.notion.site/ADCS-10m-Electrical-Firmware-Test-Plan-f3365598b9d441e493a1e0751231bf3f,https://utat-ss.notion.site/Diffraction-Efficiency-1ec461e0f2584cb6aed1d5576e4ac5df
https://utat-ss.notion.site/UTAT-Team-Origin-55ebe26e34bc4d05bbf1f7847063dc52,https://utat-ss.notion.site/d725530da5f64817b8977f9078ad93b0,https://utat-ss.notion.site/Jeffrey-Chen-2763e028b0ea80818b5fea8e42d199c5,https://utat-ss.notion.site/Mock-Camera-2a23e028b0ea8014ac51cbee2b824e6b,https://utat-ss.notion.site/Nick-s-Notes-9a7717d327d847a8bb00a66f8fd0d34f
https://utat-ss.notion.site/FINCH-Spacecraft-OrbitalInjectionParameters-6417bd04c8184c9d88985444b9ea62d7,https://utat-ss.notion.site/e03140905c644cdf9845a04c132e41c6,https://utat-ss.notion.site/Attitude-Determination-Control-and-Operating-Modes-for-Conasat-Cubesat-a9f9fd78d5b94e96934a3074d3e1c4ca,https://utat-ss.notion.site/Orbital-Velocity-1cf0834326664872a1682db4bcd3a610,https://utat-ss.notion.site/Thermal-Design-Lead-fee1afe1a5fb4d50a60e111cbbc8986a
https://utat-ss.notion.site/Opto-Mech-Sync-November-15-2ac3e028b0ea80f8ae28c0d7be3a6d31,https://utat-ss.notion.site/Projects-f3d0ded63f1241ebbe00dc81f10415f2,https://utat-ss.notion.site/Ilya-S-c7149df4909b44cdbc3669900b9ef726,https://utat-ss.notion.site/Abundance-Estimation-Pipeline-Architecture-3be688e7c0814adfa66d2f54475f9668,https://utat-ss.notion.site/Meeting-on-Requirements-for-COTS-ADCS-X-Optics-X-Science-b95f143349f6467baa1d0ebe3e7866c8
https://utat-ss.notion.site/NX-Troubleshooting-88d56feb126d43f4977476b2bfc45c1d,https://utat-ss.notion.site/147d5d6ebcb94e73a8ec9d98132ec5f7,https://utat-ss.notion.site/Internal-Design-Review-Preparation-Optics-47340c0f0c2b49aeb07c7391c18703dc,https://utat-ss.notion.site/MB4560-M-Aluminum-Breadboard-450-mm-x-600-mm-x-12-7-mm-M6-Taps-582000c8a2fe4911bb770e141067778c,https://utat-ss.notion.site/9fbf230f0805468ba0de2568de298899
https://utat-ss.notion.site/SPRW-Power-Power-Monitoring-1fd3e028b0ea80b38dbcdab9fd176f26,https://utat-ss.notion.site/fa5bfc20d073447684daa42bfcf3fd0f,https://utat-ss.notion.site/Pointing-Accuracy-Constraint-d601d17430da46709e340b86e3730006,https://utat-ss.notion.site/PAY-v1-1-2663e028b0ea80379122c45fd58198fa,https://utat-ss.notion.site/Adhesive-Research-2903e028b0ea80598c89d466d31eddfd
https://utat-ss.notion.site/405a412ba8fc408f9c7cdc665ac0e240,https://utat-ss.notion.site/353d8ad3e69b4593a030bc42626ebb52,https://utat-ss.notion.site/SPRW-Power-Output-Stability-1fc3e028b0ea8093abcbe47137100249,https://utat-ss.notion.site/616a742ff5ab4362a11a7641637c0259,https://utat-ss.notion.site/FINCH-RF-Communication-cd9c53a36bc04e5bbd76679e1301b8ad
https://utat-ss.notion.site/6f62775fa8ba46108c65babcb01664de,https://utat-ss.notion.site/06af63e64a9946eb98a3a7117fa04351,https://utat-ss.notion.site/WE-RE-SO-BACK-27b3e028b0ea801b9df5cf6e372d9881,https://utat-ss.notion.site/d00113062d60441aabcbbe5913a4877f,https://utat-ss.notion.site/Alice-Liu-1e74cc34ac244e928ebad9b9904bfb64
https://utat-ss.notion.site/ADCS-9e7624cb0c414a89a4b0431a88c86f7a,https://utat-ss.notion.site/FINCH-Phase-A-ffd1b737911c4c038ad38390f13f6113,https://utat-ss.notion.site/Temperature-Ratings-for-MCUs-2943e028b0ea800f850dce3063e0722c,https://utat-ss.notion.site/Commercial-Exhibitors-616681c4e22d4d94a5ed6cf33df2b2de,https://utat-ss.notion.site/Arnav-Agarwal-1af3e028b0ea803ca690cac7b5fb54a3
https://utat-ss.notion.site/HERON-Launch-Party-8796b06215114c15969ea5614ec0108d,https://utat-ss.notion.site/2aec6598ecb54ddf8bcdff5ac3e80646,https://utat-ss.notion.site/pritunl-b9c28d9a11a04c74acda470b4033eb68,https://utat-ss.notion.site/658f309924774c80a317f8147546bf4b,https://utat-ss.notion.site/Pixel-Processing-25d5400cbe654fa190c40b2f3dd2bc16
https://utat-ss.notion.site/Field-of-View-73f9872c06a142f085e53ea2d17c49c0,https://utat-ss.notion.site/Imaging-Orientation-3ebb83a9f02b4f6b9ff6ef510fd4a98e,https://utat-ss.notion.site/Requirements-Optics-x-Data-Processing-x-ADCS-c16b6aff00ad46949ffcd9dc653542e7,https://utat-ss.notion.site/RX-receive-Crusade-9d6f048960634b36849523ad9d500311,https://utat-ss.notion.site/Andy-Gong-cb471e856507492687853071c773eff9
https://utat-ss.notion.site/45f235807d2340e5b057a3329748e4fa,https://utat-ss.notion.site/FINCH-Spacecraft-ElectricalGrounding-abb829deac304aadbafc01bc22cd5e2f,https://utat-ss.notion.site/utat-ss/HFSS-b0fe30771e4c48bfb2cfd0ee9c7bebf7,https://utat-ss.notion.site/Tensor-Tech-10m-078ea84ffd3c4ed9a2d3fb83e13004a7,https://utat-ss.notion.site/Mechanical-November-8-2a53e028b0ea80cdbfc6c1990d7aed12
https://utat-ss.notion.site/Data-Budget-II-5459142865ae4a29afdc4486a05a7ea2,https://utat-ss.notion.site/Flare-e3eebf6ef8024385b3221a0839b8cdc2,https://utat-ss.notion.site/Risk-Revival-Schedule-7dd0eb5da01c4afe8ecca8993fc087ab,https://utat-ss.notion.site/Director-Guidelines-aedcd14ba4884593baa07fbae4645b45,https://utat-ss.notion.site/FINCH-A-Blueprint-for-Accessible-and-Scientifically-Valuable-Remote-Sensing-Satellite-Missions-289c672d29b04ab58350875258cf14b7
https://utat-ss.notion.site/Make-Clean-Bench-Procedures-Protocols-Training-34b7293b13bd422598038e62ecced257,https://utat-ss.notion.site/Attitude-Control-System-Toolbox-Project-Report-e9b506736e384defb530393808ea21c1,https://utat-ss.notion.site/6b040279e9c545ae96ccfa578cdc3238,https://utat-ss.notion.site/Gratings-daab3625efc0436eaf25821d8ae76fa3,https://utat-ss.notion.site/ADCS-magnetometer-has-a-hard-error-1383e028b0ea81ec88c5d51494182c6a
https://utat-ss.notion.site/5f380d15b21741698939ce43b8cb963c,https://utat-ss.notion.site/Battery-Protection-Balancing-Cont-d-A-aad38296d2e0419dbaffbe1b327499c9,https://utat-ss.notion.site/Transceiver-a9e5f283c97b451abc37f5331f388164,https://utat-ss.notion.site/FINCH-PayloadController-SendToRF-4406a9b6b08041c09d99568239ef3607,https://utat-ss.notion.site/FINCH-OBC-Watchdog-df23b81d4134485fbcd114bce3376c91
https://utat-ss.notion.site/Thermal-NX-Model-e1542e88ddcc40cebab5f75629be996e,https://utat-ss.notion.site/Ops-Error-Attitude-Control-Failure-92f89188b74447f18444c3258742cd00,https://utat-ss.notion.site/utat-ss/Slack-Archives-3eee5c598bd74d899a4cd52ceec9c9a9,https://utat-ss.notion.site/NTCLE-Leaded-NTC-Thermistors-Handling-and-Mounting-92bd8c4d01ac427c973c314f6e2b18da,https://utat-ss.notion.site/Testing-ab37f44409594020a9ec5fec85e587d1
https://utat-ss.notion.site/SVN-Altium365-46326c87f3074a979c38eb522b15d407,https://utat-ss.notion.site/Ground-Station-Regulatory-and-Licensing-ARCHIVED-f2941f10819b4039abc2e3075dc10f9a,https://utat-ss.notion.site/ad0a4507159744eeadc412de4fb6e4bc,https://utat-ss.notion.site/Old-MOO-Image-1-71d751f9ee9943c2aae3dfd78bdfbf0a,https://utat-ss.notion.site/Opto-Mech-Sync-November-1-29e3e028b0ea80ce8d74f2eb48a9bfed
https://utat-ss.notion.site/ADCS-CMG-has-a-hard-error-1383e028b0ea817d95f9ff5ebec16200,https://utat-ss.notion.site/PayMech-NX-Model-II-2c4cb90fc4054d9eab97cda8fed5a655,https://utat-ss.notion.site/FINCH-Payload-GroundSampleDistance-680f31bef0984457a3b797904fe0fc80,https://utat-ss.notion.site/FINCH-DP-DataQuality-ca3c50adb1df4040b8f6b95d1f02119d,https://utat-ss.notion.site/2ab685d2bc39438db7b02f25612cf79b
https://utat-ss.notion.site/Benny-Lin-64312e583b6a41fbaf5fe9f59887adc5,https://utat-ss.notion.site/31-Model-slit-Zemax-NSQ-a2d4d8ecffaa4db3b9c8f5ed044daec7,https://utat-ss.notion.site/AC127-019-C-897c834f8703485c833afdb9a0d091d7,https://utat-ss.notion.site/1fc3e028b0ea8084bf05e5533c182eed,https://utat-ss.notion.site/Spring-2025-Mechanical-Onboarding-Challenge-301e0b2448ca4be2a19cec2737c9d988
https://utat-ss.notion.site/288e3e8a913344f7b949bc815b11c565,https://utat-ss.notion.site/FINCH-OBC-Housekeeping-21d3e028b0ea80528b6df46d6e08cd96,https://utat-ss.notion.site/Command-Protocol-Specification-SS-HERON-0008-06586d73359442d08d4968dfaee0ec58,https://utat-ss.notion.site/5e6d35a706da4e6888daeca2f218086e,https://utat-ss.notion.site/19db90c7ba1f434ab701044e37479b07
https://utat-ss.notion.site/utat-ss/STK-85d0ef967baf4d8ea37c1c12e32e3496,https://utat-ss.notion.site/FINCH-Internal-Design-Review-Summer-2024-e03659c658294f2184e1778814c2bc93,https://utat-ss.notion.site/Optics-Lead-40d874e674d14ba9a844d0477dc3435e,https://utat-ss.notion.site/9f7805da16134b4babbc58b4c218a4be,https://utat-ss.notion.site/Launch-EMI-Requirements-4c6e173d91314677a0c40a0b68c4c402
https://utat-ss.notion.site/d43f86c568f84815b4146eeb61f8a785,https://utat-ss.notion.site/PH50-M-12-7-mm-Post-Holder-Spring-Loaded-Hex-Locking-Thumbscrew-L-50-mm-1941eda33d324da0908dde850cecbbca,https://utat-ss.notion.site/Model-collimator-and-focuser-Zemax-b067f249133644d896dee95186335f6d,https://utat-ss.notion.site/Final-Deadline-for-Phase-C-completion-CDR-2a83e028b0ea80e8b9a8eb8f2615be00,https://utat-ss.notion.site/Aidan-Armstrong-beaad6f7f5ed412baf155b568faf05d7
https://utat-ss.notion.site/FAE-SOO-RMSE-Optimization-Using-Spectral-RMSE-fb358f72157e4c8c860d8964c1ce6ad7,https://utat-ss.notion.site/Mechanical-November-29-2ba3e028b0ea80b18e4bc1d9ed8b03e8,https://utat-ss.notion.site/c2ffee20fa1e429c930873d594023412,https://utat-ss.notion.site/Sigmadyne-Jitter-Validation-430e976f524747e8bf7bf69a0e75ced4,https://utat-ss.notion.site/Phase-A-Concept-Studies-69ed4e3b51fc4264b6e31ce6be5f3a67
https://utat-ss.notion.site/Spatial-Resolution-27b3e028b0ea803e8d9ad36e83965f86,https://utat-ss.notion.site/Electrical-Solar-Panel-Failure-1383e028b0ea81d09767d775b81a1a6f,https://utat-ss.notion.site/FINCH-Spacecraft-ElectricalSystem-4ce66bc745134137854b787b05ec1a3c,https://utat-ss.notion.site/f73273804859457aa2c5dff0b9d09c81,https://utat-ss.notion.site/Breakdown-of-Attitude-Determination-and-Control-System-ba9e043ed27e48debbe8472e4effdd5d
https://utat-ss.notion.site/FINCH-OBC-MCUPower-639038a0a3284100883efa8f72b418de,https://utat-ss.notion.site/d43a5a70d93441d9ad4617a0743199c8,https://utat-ss.notion.site/Carlos-Rojas-Rodriguez-d9ad08f7d18f41298c464f0f7baddd7b,https://utat-ss.notion.site/SmallSat-grants-application-a5c0c35fff0848c2a1ea24d22b97fa2d,https://utat-ss.notion.site/Port-existing-DCMI-DMA-code-for-the-Flir-Tau-2ab685d2bc39438db7b02f25612cf79b
https://utat-ss.notion.site/Khang-Christina-handoff-4ea54a28a4f9429dbe9b2d870e309a37,https://utat-ss.notion.site/Create-telemetry-list-26d3e028b0ea80c9afd6c795662f2488,https://utat-ss.notion.site/GNSS-Antenna-10bdf16fa926473990255d5733858f73,https://utat-ss.notion.site/Card-2-bdec3bcc503048aabfe6fb95be9d4f37,https://utat-ss.notion.site/FINCH-RF-Band-e73e05d4a52b42e9a53fba2d515fd879
https://utat-ss.notion.site/FINCH-Power-BatteryPlacement-ff5892a7b5c94a2597bd663b2cff5bd7,https://utat-ss.notion.site/Guide-to-MatLab-Simulink-30ace6b8d9344e7db18b3e60e045faa7,https://utat-ss.notion.site/792ef0377bc74bce9d0cb039e00a322b,https://utat-ss.notion.site/FINCH-Team-Review-Summer-2020-2d0b11c839f6489cb23faafc57795e8b,https://utat-ss.notion.site/Space-Systems-November-29-2b93e028b0ea802e82c2d15ee481b8f9
https://utat-ss.notion.site/2b33e028b0ea80a8b67af565e5390ce0,https://utat-ss.notion.site/89c5650ef1364e01b26b635b3749eb9a,https://utat-ss.notion.site/BladeRF-Loopback-75eae3b4d2e4420eab462acdd83fe43b,https://utat-ss.notion.site/62a29d0957bf46159c189f772355fc97,https://utat-ss.notion.site/Future-of-the-Payload-Sensor-1ad3e028b0ea80bd95edeecfcd3f8405
https://utat-ss.notion.site/Regulatory-October-18-2823e028b0ea8064a770e43276e91ba2,https://utat-ss.notion.site/9b12b0fadb964a54a893635b9a1dd619,https://utat-ss.notion.site/Signal-Constants-c7d896fe85b94c07afd0e740ca1e3932,https://utat-ss.notion.site/a7db5103c11b424586eff36960664eb5,https://utat-ss.notion.site/FINCH-ADCS-Cost-cccca68d29194ec68e0fca9b55b9d811
https://utat-ss.notion.site/PayMech-Low-Fidelity-Metal-Build-I-8e39252cca364724afc55b406f9a143d,https://utat-ss.notion.site/Optically-Limited-Spatial-Resolution-3216b483a563420fa1f5bd0e74e2fe8e,https://utat-ss.notion.site/4d57d7bbe06d48a4bbbaa4aab139819d,https://utat-ss.notion.site/Equation-Card-Template-73b798fc99d04dddae93e749d088296d,https://utat-ss.notion.site/SEF-Clean-Bench-Tracker-4dd9f6a1624c472aa804371395988da1
https://utat-ss.notion.site/Operations-Plan-103f6ecf69f44394b7d5f8d1e8e7545c,https://utat-ss.notion.site/Signal-Sensor-9023723ef7be4c1abfe901240a03ecf2,https://utat-ss.notion.site/Rotate-Cell-Orientation-2393e028b0ea800e980be785b3371ea0,https://utat-ss.notion.site/Scope-SISR-Models-to-Implement-3fb84afb8d6e4891aa97e0ac8c891abf,https://utat-ss.notion.site/Guide-to-Spacecraft-Assembly-1477e153b6ae4cf6b827775702f1e766
https://utat-ss.notion.site/ADCS-Redesign-ADCS-MOOs-b2f18de9354341cb93d08d527630464f,https://utat-ss.notion.site/Ground-Station-Budget-0f40e1a8b162494c88f4a48e087265a1,https://utat-ss.notion.site/FINCH-Spacecraft-MaximumMass-c2e61b238fdd48c98e901172f8120e19,https://utat-ss.notion.site/Taping-Schemes-Surface-Design-341f961a45f64fa39d30b216560f3041,https://utat-ss.notion.site/Update-Payload-Calibration-1c2040bb549e4169878ffb615892bd6a
https://utat-ss.notion.site/55d871e81c9248229ed653fb65841d78,https://utat-ss.notion.site/4ea85843271d470f86ddd703d8d12452,https://utat-ss.notion.site/Ground-Station-Link-Budgets-2a1fd42a7ce24c059e07d7540a164873,https://utat-ss.notion.site/66cd5f73212441ebb1d893554ce5542c,https://utat-ss.notion.site/SPRW-Power-BoardSize-2043e028b0ea80c086b8fade22396b93
https://utat-ss.notion.site/Detailed-Mass-Budget-27ed5275fbfc49d1a7737c3da186fe77,https://utat-ss.notion.site/Opto-Mech-Sync-September-27-27b3e028b0ea803ab182e6f8f50b3db2,https://utat-ss.notion.site/Payload-Data-Budget-V0-0-deb6a6f553ad4c239fd0606c0ae7478e,https://utat-ss.notion.site/Optics-Handling-and-Care-Tutorial-8e3e7bbe35e445839b41992c5f0b72e8,https://utat-ss.notion.site/MESH-DISH-KIT-1-9-METER-46918935a2df47e698768c358bbfa169
https://utat-ss.notion.site/ADCS-IMU-hard-error-1383e028b0ea81179083e10909bd4ce2,https://utat-ss.notion.site/1c2040bb549e4169878ffb615892bd6a,https://utat-ss.notion.site/HERON-Phase-E-8d9ed52ad08d4f7f9de5eb876274d138,https://utat-ss.notion.site/Ground-Station-Assembly-Paper-d4afcf2156fd4d5cbc6492338dba946a,https://utat-ss.notion.site/Flat-Sat-ADCS-Build-616c70d16683474286b8104fc3c3488c
https://utat-ss.notion.site/c9f34d72eda64675aad7e4d6bec3b060,https://utat-ss.notion.site/Phase-F-Closeout-cfbb67d05f7b43f08bd1be816eef5416,https://utat-ss.notion.site/LEOP-Command-e0677eeeaea641348627bd4b2aa065e4,https://utat-ss.notion.site/FINCH-Spacecraft-6781ebfb445949ee9d258f2109d50047,https://utat-ss.notion.site/e73e05d4a52b42e9a53fba2d515fd879
https://utat-ss.notion.site/Argument-of-Perigee-ee59c8ec4db046ab88ff9f315d456dee,https://utat-ss.notion.site/57a13f694e1f4b3bac7d45b0e322e3d0,https://utat-ss.notion.site/FINCH-Phase-A-7bcb8593e3f34eb1b166f76b6431eb0f,https://utat-ss.notion.site/FINCH-Mission-Objective-20cf603ca95d4a0c90b90fd0276b563f,https://utat-ss.notion.site/FINCH-Qualification-6fd997dc648d4057960b56a148ff207a
https://utat-ss.notion.site/Mentorship-Program-Update-2024-cd2461724afa468e865c89a1ceb67696,https://utat-ss.notion.site/Ops-Error-Thermal-Control-Failure-4696a2b9f6dd477faefd92d87f36147e,https://utat-ss.notion.site/Star-Tracker-dfdc957b70fd47ec8e3856585d4eb637,https://utat-ss.notion.site/Component-Level-STOP-Analysis-32b30713afb44b4d9635f4ce00dd9d50,https://utat-ss.notion.site/STM32H7-Rad-Testing-2903e028b0ea806ca9aec6bcab024133
https://utat-ss.notion.site/SH4MS06-M4-x-0-7-Stainless-Steel-Cap-Screw-6-mm-Long-50-Pack-c4ae93360d9c4d6c9fcb193e96f329f3,https://utat-ss.notion.site/Aldo-Bani-40fb2bdbbc1f4719b784060a4c202cba,https://utat-ss.notion.site/Sponsorship-package-9e89f1f610ee46c3aa056c1488a015ad,https://utat-ss.notion.site/1f63e028b0ea8065b7b5e0293dc1cef7,https://utat-ss.notion.site/SR-Presentation-209325e3904f4891bca39744f92261b1
https://utat-ss.notion.site/Angle-of-Refraction-a4c5f3235ad941398137dd3560eec717,https://utat-ss.notion.site/7f2c34fe606f40c1a321f99c04afa6d3,https://utat-ss.notion.site/SRS-4-BladeRF-Direct-Link-f985bf959dff4cd6a2348621ca24b462,https://utat-ss.notion.site/UTSU-Campaigning-Volunteer-Resources-Page-1a43e028b0ea808f9066c67b3ed4ca83,https://utat-ss.notion.site/b5eeb4621108475b9271a86e42356188
https://utat-ss.notion.site/48995895627048f28f8fafaa4d7de847,https://utat-ss.notion.site/ADCS-magnetorquer-has-a-hard-error-1383e028b0ea81fb8c6ad494a9b475b0,https://utat-ss.notion.site/FINCH-Keystone-Correction-edf0375491c64c748044269b6cc997b1,https://utat-ss.notion.site/FINCH-Optics-Internal-Design-Review-Summer-2023-bda80fd47b2b42f497c5e136dffffc35,https://utat-ss.notion.site/Structures-1693a12168e24c65bc8e8d5501051f9f
https://utat-ss.notion.site/T-V-Meeting-10-04-25-2823e028b0ea803a9e6fc15f671f5fd0,https://utat-ss.notion.site/fd3dc1b2208b4f67bfa00bba1b557393,https://utat-ss.notion.site/ce1a0ff1778c4d5e8f7b8782ac80eba2,https://utat-ss.notion.site/Smallsat-2024-551e9126a8b648c9a0e7f6328109f177,https://utat-ss.notion.site/Sept-20-2025-2743e028b0ea80ceb59cc2ead49fca1a
https://utat-ss.notion.site/OBC-v1-2-Testing-Plan-1b73e028b0ea805b8602fd3bac3a6323,https://utat-ss.notion.site/OBC-v1-2-2293e028b0ea80429097e016074f0254,https://utat-ss.notion.site/Downlink-Data-Capacity-22e3e028b0ea80b18404d023e4f275d0,https://utat-ss.notion.site/utat-ss/Requirements-Visualizer-App-MVP-64868e691fc348138bc46f3e6d6a4816,https://utat-ss.notion.site/UTAT-Team-RoleModels-c91bde42485f4695870d06f65ad3a08a
https://utat-ss.notion.site/Cole-Burrows-c661985592494dbbb06d9baddf7f756c,https://utat-ss.notion.site/Space-Systems-September-20th-2733e028b0ea8093b867dc7f60628070,https://utat-ss.notion.site/EPSv1-5-Design-Overview-1ef3e028b0ea80e3a583f85679d32f7c,https://utat-ss.notion.site/Side-Panel-Design-for-8-Solar-Panels-2073e028b0ea8053add4ea2a8d1f320d,https://utat-ss.notion.site/FINCH-ADCS-StarTrackerExclusionAngle-7620d838cb554a538afe8da775b25067
https://utat-ss.notion.site/FINCH-ADCS-Selection-d97bc888c5454a42b2db2329987e3319,https://utat-ss.notion.site/3-Meter-MESH-DISH-KIT-0339cfe0db60453ebcd4d37e571a84a4,https://utat-ss.notion.site/Absolute-Spectral-Resolution-214e60ee8ad144c0b0b2af577a383f9d,https://utat-ss.notion.site/1fd3e028b0ea805bb313e2efe6de37ed,https://utat-ss.notion.site/Science-966c5bfb437d4c378a84ce66b45cd492
https://utat-ss.notion.site/don-t-we-have-another-one-that-s-called-relative-pointing-accuracy-FINCH-ADCS-AbsolutePointingAccu-f3616c9b95d844a6a5fc0fdc48598f22,https://utat-ss.notion.site/FINCH-Antenna-4102e34231c6469eab859d69bece4828,https://utat-ss.notion.site/Paymech-Testing-Quickie-155c504a7b1a4090baf7ad7e24b57502,https://utat-ss.notion.site/Payload-V5-Design-37902af79b0d4c91abbe9dff1d259d03,https://utat-ss.notion.site/Board-Reviews-2b33e028b0ea80f8aabcf88e96bea5f6
https://utat-ss.notion.site/Nico-Smyth-2823e028b0ea80588fbdd6026a4af40b,https://utat-ss.notion.site/Fall-2024-Work-Session-Notes-75091bd0445a42d9a9f3223ffe50870f,https://utat-ss.notion.site/21ff532ac4334fbeab4aabf6372c9848,https://utat-ss.notion.site/PAY-Meeting-10-04-25-2823e028b0ea80feab6dd06230586a14,https://utat-ss.notion.site/Orbital-Radius-b07adc4a1a7543b2bceebf4fbeb61098
https://utat-ss.notion.site/FINCH-Pay-Mech-Internal-Design-Review-Summer-2023-e82dc69b1bbf48fc876333e5827bee57,https://utat-ss.notion.site/Concept-of-Operations-Phoenix-CubeSat-4af3013d5d0b4c2a9a1c9550319268c6,https://utat-ss.notion.site/930b123ceb5447acb4d5a65c1495027f,https://utat-ss.notion.site/Sheet-metal-snips-usage-guidelines-27f3e028b0ea80f884c0e15468ac1a60,https://utat-ss.notion.site/Spectrum-Alignment-Test-8a06141cc2de47eab2c024859394874d
https://utat-ss.notion.site/FAE-RF-Random-Forest-1b63e028b0ea80e3afcad34492232512,https://utat-ss.notion.site/Opto-Mechanical-Lead-aeee51818f2f4d1d8e52a1763f25f102,https://utat-ss.notion.site/FINCH-EYE-Build-II-Prototype-86c8fd13a2ba4c79a31da1808856a8c1,https://utat-ss.notion.site/ffd8e17211ee455c863c10be5f03bc59,https://utat-ss.notion.site/Team-Logistics-e74db6736972488dabec0cba42aa353f
https://utat-ss.notion.site/64948a4ab7f145608866a6f3e06697ef,https://utat-ss.notion.site/FINCH-Payload-Design-Review-Summer-2022-6651987aec1f4b05855f34fadaf82c0c,https://utat-ss.notion.site/Lots-c9e3a26e84c14be38d2a1d63e2abb708,https://utat-ss.notion.site/Report-EC-KNN-and-KMC-1963e028b0ea803da059c48a931f3e21,https://utat-ss.notion.site/Component-Checklist-e33dbdcbc3a040afaeb738294cf453bb
https://utat-ss.notion.site/FINCH-Mission-Control-Plans-70df602c32364d1bac5c48128fbf2860,https://utat-ss.notion.site/SRR-1-23c3e028b0ea80dd957efa7b860d471e,https://utat-ss.notion.site/2433e028b0ea806b98ede59e53392797,https://utat-ss.notion.site/Example-Command-Protocol-Specification-from-HERON-88853386502f4a3c85effb07fe262500,https://utat-ss.notion.site/HERON-Mission-Operations-Lead-feeabba1863c4c479bf659bf7db5d5c5
https://utat-ss.notion.site/Lenses-59be2af1f2314ea6928be295709a9364,https://utat-ss.notion.site/Wide-band-antenna-790-2700-MHz-becdccb8c49d4f8e90d99f5157f8c288,https://utat-ss.notion.site/Structures-NX-Model-V1-ffdf120f91ad41d2be2dd86755394607,https://utat-ss.notion.site/a39477ed3446493c894161c4f7711433,https://utat-ss.notion.site/Director-of-Space-Systems-Role-Description-59e1d95a7a524895b55af14e0b72db17
https://utat-ss.notion.site/Spectral-Resolution-vs-Fringe-Frequency-2e2e33eed6844120bdec901873a76223,https://utat-ss.notion.site/FINCH-Payload-Verification-Plan-79a928f54d5941b1aef4753a7bb965cb,https://utat-ss.notion.site/75e20abd2f1149aea566b293fb47f63b,https://utat-ss.notion.site/Creating-a-New-Project-in-Altium-67b39460813c4b629848f37e6cb8f252,https://utat-ss.notion.site/Miscellaneous-NX-Resources-bd8a252a744c48c6bf9bccfd22f0a8ef
https://utat-ss.notion.site/1fd3e028b0ea8065a740da327ed16184,https://utat-ss.notion.site/Mechanical-October-4-2823e028b0ea809bb7fdc01d5e0f8ec9,https://utat-ss.notion.site/SRS-4-Full-duplex-High-speed-S-band-Transceiver-4f508310673d4b63b23466ac1e20eee1,https://utat-ss.notion.site/Multivariate-Linear-Regression-2903e028b0ea80a0a8aed623f3c8a07a,https://utat-ss.notion.site/6e89671eab8a48df9626495ce99ad32d
https://utat-ss.notion.site/b0fe30771e4c48bfb2cfd0ee9c7bebf7,https://utat-ss.notion.site/6c125f3b68794244aadb3765a7542eea,https://utat-ss.notion.site/8426247eb1134bcabda783df965b5973,https://utat-ss.notion.site/28090a3b983743f6aab3aaae8374c326,https://utat-ss.notion.site/Falcon-User-s-Guide-97fa6592b7384ee8ad2cec255383a5f7
https://utat-ss.notion.site/e8ecdaf4a4424f4bb4105b2f2e4f3c0a,https://utat-ss.notion.site/8e6a393d8efc471b8ecf62a1595e490b,https://utat-ss.notion.site/8eeee48df084456185d53b4952d83c32,https://utat-ss.notion.site/ad93fdddaec644aca2a46ef0e62292be,https://utat-ss.notion.site/Datacube-MetaData-Size-calculations-2b23e028b0ea803b8f8ace212014d1ef
https://utat-ss.notion.site/NX-Slack-Exchange-043be8289ea640fc89c55ca1f68003e9,https://utat-ss.notion.site/Ops-Error-Sensor-Imaging-Failure-404d73ef72044a64bb7e804c95de5f93,https://utat-ss.notion.site/2fff0a9ff05e438280ee708ec4721dd0,https://utat-ss.notion.site/Ops-Error-Orbit-Insertion-Failure-de1bb13fee1744e39741d4f691b06af1,https://utat-ss.notion.site/1bf3e028b0ea80668385e4c6b02e6471
https://utat-ss.notion.site/Determine-Updated-Downlink-Time-and-Frequency-e02fce1c02474b258b2f0266ea5de1fb,https://utat-ss.notion.site/FINCH-SolarPanel-Placement-c9347cb1346840f38bbbf303ff97eda7,https://utat-ss.notion.site/484fb9b61f034a16b13eb4a922f58311,https://utat-ss.notion.site/b7870db7180348a9a6a99af0178bfb54,https://utat-ss.notion.site/bb47dbc2d9b74164b270be0355a02c25
https://utat-ss.notion.site/Atmospheric-calibration-features-1-856c42aaed384e5ca7c924721239d9a0,https://utat-ss.notion.site/Create-a-command-format-9e3a3bd770f047f4b6d206d0770d4748,https://utat-ss.notion.site/Lorna-Lan-e189ca4ab7e7409ba544f0a31d6c9ef2,https://utat-ss.notion.site/Refined-Thermal-Nodal-Model-784d316cb9594139afab503da94f22b7,https://utat-ss.notion.site/000-Repair-FLIR-Tau-c18f3f3cfe2e4b2b8e62f4eb090aad63
https://utat-ss.notion.site/System-level-TVAC-Plan-af4f8556e4f7459a80de58e1120aed68,https://utat-ss.notion.site/Space-Systems-October-18th-28f3e028b0ea803597a0d7fec43e3fc9,https://utat-ss.notion.site/FLEX-PCB-Tips-n-Tricks-05935d4b4fe748229ffd977d944e95f0,https://utat-ss.notion.site/CB-05-UTAT-Software-Design-Guideline-c2a4717e5e754f56b0acaa58a16dd95a,https://utat-ss.notion.site/Chi-Lan-Tran-2743e028b0ea80f8bd27f13c3cf4404a
https://utat-ss.notion.site/SHALL-795fff9e776a440887e6576d8a9af133,https://utat-ss.notion.site/Toronto-Region-Board-of-Trade-cf816e1cc13347889b47f1e9c08d8c3d,https://utat-ss.notion.site/Database-Tree-Visualizer-V1-fd3ac9b0f8f24e7dac6e419eb9468b66,https://utat-ss.notion.site/OBC-v1-0-2293e028b0ea80a6b98fdfe8ceb96606,https://utat-ss.notion.site/0cf715c9cc71490f9cfea2afbaadf42f
https://utat-ss.notion.site/FINCH-PayloadController-CameraControl-85c9d5c078d949d5818c4f1d9085b5f0,https://utat-ss.notion.site/443f4e55c59146fcaa27f8b829a0e983,https://utat-ss.notion.site/Orbit-Photos-87a2f0bd44c84d13a55a0be48ce0873c,https://utat-ss.notion.site/Attitude-Pipeline-33615ec91a514b0b9be82de14d97be39,https://utat-ss.notion.site/FINCH-DP-ScanLineInformation-5e7d2c95bf79477796790b68811af0e6
https://utat-ss.notion.site/Sensor-Wavelength-Mapping-d700d47e877a43e097ab6095eb3da62d,https://utat-ss.notion.site/Lab-Facilities-Manager-5edbe2e52e04418d8ad9c1054b111b5d,https://utat-ss.notion.site/Creating-a-Component-in-Altium-1f47d3d32ba74110804ebceaf72af2b2,https://utat-ss.notion.site/2803e028b0ea80098566ddb5aacb8362,https://utat-ss.notion.site/2739382292514fe8a555681855004728
https://utat-ss.notion.site/CXYZ05A-M-XYZ-Translation-Mount-for-12-7-mm-Optics-M4-Taps-d1d970627b7749f398a66450cd4e31b7,https://utat-ss.notion.site/Ground-Antenna-2133e028b0ea809990f2c11a61f1791a,https://utat-ss.notion.site/7fae8ccb74f740f0a69a397bc3c73361,https://utat-ss.notion.site/Satellite-Pass-Timing-a20b68d97da345e483fd6af64ea4f856,https://utat-ss.notion.site/Leadership-Styles-e0ce46ce8f814f43aa107a7368ce93b5
https://utat-ss.notion.site/Ground-Station-Pointing-Calibration-7242a16eaa344e56bd0669829ad1e1b0,https://utat-ss.notion.site/SS-FINCH-0010-Payload-Verification-Plan-48cf66781b7c4ab3ab4ac288d17b473f,https://utat-ss.notion.site/bb7fade77423487d979eeaefaf8a051b,https://utat-ss.notion.site/UTAT-Space-Systems-004caa713284492d82e5bc142976ba6f,https://utat-ss.notion.site/702540132b2d4eaba6a434167da234c8
https://utat-ss.notion.site/The-Data-Budget-4bd4275a04d14ab0977522215f938aa0,https://utat-ss.notion.site/Illuminated-Slits-5e8fd2aa45b043afa6616f66e9d3c8f4,https://utat-ss.notion.site/16916b9f0ddb4ac6bfbb65fd0fb6d721,https://utat-ss.notion.site/SRS-4-BladeRF-Air-Link-3698295ebdbc4cd79de6118cb5c7a1cd,https://utat-ss.notion.site/V6-Assembly-Plans-2ab3e028b0ea80908bb0ed2256a17d0d
https://utat-ss.notion.site/Rectangular-Truncated-Patch-80827593560a4d659551907668574dbc,https://utat-ss.notion.site/FINCH-ADCS-ScanlineLocation-4cc6f844685d4cebb057c422128638ed,https://utat-ss.notion.site/Liam-s-Lingerings-2d4d2187f9334b4d909b76a94ba92c55,https://utat-ss.notion.site/FINCH-Spacecraft-SpacecraftRadiatedEmissions-9856c152565b4b808c330b45a51b9cfd,https://utat-ss.notion.site/72ff33bd7ad94645a351f3ae54baa852
https://utat-ss.notion.site/FINCH-OBC-ControlAndOps-40b3951a38634249bfdacadab0bc0d4f,https://utat-ss.notion.site/Afrah-Iqbal-1f83e028b0ea8018a03ac2224253e216,https://utat-ss.notion.site/Anindit-Dewan-a02323cbd5354d97873a1b2e1b5a6209,https://utat-ss.notion.site/af55d4d2d9664c41bd1f2576a5a87a63,https://utat-ss.notion.site/Decode-Teledyne-s-FLIR-Tau-service-report-cee0b3e927d94d968ebde0325f446246
https://utat-ss.notion.site/61635e98c14840f0af3ae624d5aa5474,https://utat-ss.notion.site/30-Model-detector-NSQ-Zemax-ae6ce4c60e4944d3ac4b10b9b4c2fa5f,https://utat-ss.notion.site/FINCH-Internal-Design-Review-Winter-2020-efbf6518a4f94ae68928d06829c3d850,https://utat-ss.notion.site/9b1852ef186a4803925553a4c3a8dc14,https://utat-ss.notion.site/PayMech-NX-Model-I-166ec8dcf41d407793e1e27f1132d62c
https://utat-ss.notion.site/db033dffa5dc42eb9be2df961784ce9c,https://utat-ss.notion.site/FINCH-Preliminary-Design-Review-a616ca6f20a142f0aa2c519634583d7e,https://utat-ss.notion.site/Synopsis-c810d9a6bd1847efa3ba01f8ce7ac1ce,https://utat-ss.notion.site/FINCH-Ground-Station-9a9a128a9d69421ba0e636ebaa26d1a6,https://utat-ss.notion.site/02f7cc647daf437387ac4a47a9422428
https://utat-ss.notion.site/2903e028b0ea8028bbd7f3afe58ad808,https://utat-ss.notion.site/RPi-FlatSat-Ground-Station-Build-f65263f7194345b0b16011518f21b272,https://utat-ss.notion.site/MySQL-Backend-52ab92fc8f3a42a2a52dd541974e86f9,https://utat-ss.notion.site/Diffraction-Angle-f78265975fec44e08460cf11e70774c9,https://utat-ss.notion.site/FINCH-OPS-HERON-Notes-f4f3d96ffc37477bac86c7bab16d6b24
https://utat-ss.notion.site/85d0ef967baf4d8ea37c1c12e32e3496,https://utat-ss.notion.site/2903e028b0ea80478c2ee1b2138b52ca,https://utat-ss.notion.site/Brady-Zhang-e5be95f03f29431c86c74d27989cdc68,https://utat-ss.notion.site/992edcd6146d4d95943d23c3be2ffe78,https://utat-ss.notion.site/4-ADCS-Meeting-2025-Fall-2903e028b0ea804d8183fc46de4d34b2
https://utat-ss.notion.site/FINCH-PayloadController-UplinkSpeeds-dc950385f4bf4e2497e75448fa9fb1b1,https://utat-ss.notion.site/Riann-Po-ca44056e35d84160bdb977a40c880a3f,https://utat-ss.notion.site/Regulatory-November-29-2ba3e028b0ea80fd840cfb8094b7d3d1,https://utat-ss.notion.site/Space-Systems-November-22nd-2b23e028b0ea80d18f54e20b6c62d7d5,https://utat-ss.notion.site/5627d4eab77a4e16878ff79120eadc96
https://utat-ss.notion.site/DevKitSat-I-4139a4c117804c18940e763ed507d71d,https://utat-ss.notion.site/Brian-Harilal-ae10535a7e72431d8d104e5bfceb922e,https://utat-ss.notion.site/Amanda-Mongillo-1b03e028b0ea806fac8cd850858f74e6,https://utat-ss.notion.site/Gerbering-Out-d110b9b3f560424fb9bc67574353fc07,https://utat-ss.notion.site/2f120a45e58f4fe697c0e5fd8fd8242e
https://utat-ss.notion.site/WISE-x-Space-Systems-2b63e028b0ea8093b732e1414fef1500,https://utat-ss.notion.site/FINCH-ADCS-GroundstationCommunication-a8461cef05b34d92a1c26807858e299d,https://utat-ss.notion.site/ed948beee1c44e84a145f1f0f5842172,https://utat-ss.notion.site/FINCH-RF-System-06a33dcac9614476919243f07834f472,https://utat-ss.notion.site/RF-GS-BOM-0b25535c5e304cffbad4712cfa572d76
https://utat-ss.notion.site/3eee5c598bd74d899a4cd52ceec9c9a9,https://utat-ss.notion.site/Orbital-Angular-Velocity-40aba4f9348b4c01a0ae0ecd1ac17d8f,https://utat-ss.notion.site/FAE-BF-Brute-Force-Search-1b63e028b0ea80e48a9cdd2366557cc0,https://utat-ss.notion.site/Final-Report-Summary-of-QB50-ed2f3f02bc6042c2b5109dd4e6d5bbcb,https://utat-ss.notion.site/Ground-Station-System-Diagram-and-Functional-Flow-a185014c7f124a5c85e67f6fcd64ca79
https://utat-ss.notion.site/Dummy-Pixel-Data-UART-Transmission-c9f34d72eda64675aad7e4d6bec3b060,https://utat-ss.notion.site/FINCH-Payload-Verification-Plan-8c7252664dd6463c88d0e9b8fe27efac,https://utat-ss.notion.site/FINCH-Sensor-Model-Correction-1ac2a20bf15a4ccc9aa0ee78734f6cd9,https://utat-ss.notion.site/b47a4746ea0a46e98f714ab0880122dd,https://utat-ss.notion.site/Imaging-Mode-5391964466d54f4a8cd833ef2635ea83
https://utat-ss.notion.site/32b30713afb44b4d9635f4ce00dd9d50,https://utat-ss.notion.site/95c332d8c70342758d1d8c99ad883895,https://utat-ss.notion.site/Mission-Operation-Lead-Role-Description-13cb9724312a4fc4a98fcb4c0d64ee39,https://utat-ss.notion.site/Electrical-RF-RS422-Failure-1383e028b0ea8151b8a2e78a28de5d01,https://utat-ss.notion.site/Insert-Subsystem-Error-Name-1383e028b0ea816cb3d9f493ade0a367
https://utat-ss.notion.site/Testing-Guide-557dee0fbf5a4b57bb056ca61c408c00,https://utat-ss.notion.site/Random-Forest-Hyperparameter-Tuning-2843e028b0ea80ff8d8bd341b8e7cda5,https://utat-ss.notion.site/Lessons-Learned-437cd0b7e6914a6185c35bb3dde641e5,https://utat-ss.notion.site/00-Model-VPH-grism-Zemax-72ff33bd7ad94645a351f3ae54baa852,https://utat-ss.notion.site/8c57a7dc6cd54875942002689d452c98
https://utat-ss.notion.site/FAE-NN-Multi-Layer-Perceptron-f8263207e6e942c7800fe92ad79312f0,https://utat-ss.notion.site/COMSOL-Meeting-7a2cea95b18c40db93865802a1c3b43d,https://utat-ss.notion.site/b7f026de70fe4584b9712fce6c8c2c02,https://utat-ss.notion.site/Sensor-response-functions-1a927b10d56048da9b4da09f23234de1,https://utat-ss.notion.site/Shock-simulation-e2674ea742ed40e095576a02228dbf23
https://utat-ss.notion.site/50dd9334c8e4470fa7f3e1b22f9496e6,https://utat-ss.notion.site/ISED-Space-Station-Spectrum-2ac3e028b0ea80519c39d7f19bac6340,https://utat-ss.notion.site/1-ADCS-Meeting-2025-Fall-2743e028b0ea807884b5f1c5ff636493,https://utat-ss.notion.site/ADCS-Components-468c37dbf723495f965a6c5a6d0bdb86,https://utat-ss.notion.site/Spacecraft-Launch-ef7995b407124817ae40702a39461968
https://utat-ss.notion.site/fa00b2fcf82047838691f81d530f2471,https://utat-ss.notion.site/Sensor-Characterization-34c0857a026a4e7e8b54c69ed434d0a7,https://utat-ss.notion.site/c332467bca594a3f811e48c661fedf6b,https://utat-ss.notion.site/39796faf62ea4b4ebd6427b9cf8a4f23,https://utat-ss.notion.site/ab42109afc14440685b0de12ce4da663
https://utat-ss.notion.site/FINCH-Pre-Science-SNR-1fd3e028b0ea801b921cd405d63eb5f7,https://utat-ss.notion.site/Send-Advisor-Invitations-CDR-2023-1d762de13b484b1abb32797c1d8a08f7,https://utat-ss.notion.site/Head-of-IT-3b23a559bdbe479caf4113ed700ad63e,https://utat-ss.notion.site/Ops-Error-Safety-Mode-249a9672242d438fae7805f9892a3b97,https://utat-ss.notion.site/FINCH-ADCS-Placement-7951bcb9284b458facc55b998097f1c2
https://utat-ss.notion.site/Why-Test-Anything-26f3e028b0ea80ff8ff5fa54a8a80695,https://utat-ss.notion.site/df385ff388474edcab171e301a92dc74,https://utat-ss.notion.site/7620d838cb554a538afe8da775b25067,https://utat-ss.notion.site/Requirements-Meeting-Ben-and-Kevin-2903e028b0ea80a883dbf8e463ea5709,https://utat-ss.notion.site/FINCH-PayloadController-PayloadOps-5555b0db1ce04fe3bab9a9af32d3ec3b
https://utat-ss.notion.site/1f63e028b0ea8012bb53f4e629b1cefb,https://utat-ss.notion.site/Adam-Laazizi-27b3e028b0ea803d993df157f7a6b014,https://utat-ss.notion.site/Summer-2024-Action-Items-bd4a024a631846af82a96bf088fc705e,https://utat-ss.notion.site/FINCH-Ground-Ops-Mission-Control-eb4b22eef28643d695eff3d9e18dd02d,https://utat-ss.notion.site/1474762d9327456ea54bdd5fa0d0446f
https://utat-ss.notion.site/47340c0f0c2b49aeb07c7391c18703dc,https://utat-ss.notion.site/Prototype-FINCH-Steps-and-Notes-f0502cb8a83e439ba5034886e648743a,https://utat-ss.notion.site/Weekly-Sync-2025-10-04-2823e028b0ea8033b703e1fca9639226,https://utat-ss.notion.site/SPRW-Power-Input-Power-1fc3e028b0ea804889d2cfa606216502,https://utat-ss.notion.site/619cd92aad184b8ca24686461450c82a
https://utat-ss.notion.site/2313e028b0ea80dd9ab5e50a290abf98,https://utat-ss.notion.site/FINCH-Mechanical-RailWidth-22b3e028b0ea80dfa286e9279fd96406,https://utat-ss.notion.site/ITU-Meeting-November-5-2a23e028b0ea80dbba07c91fc09f5c1f,https://utat-ss.notion.site/Electrical-Box-Modification-a09ad11041614ba6a2707ae77f9dae1c,https://utat-ss.notion.site/59293ec5523d41ea889d437ecf975b1b
https://utat-ss.notion.site/57fdd19c02c64b758cf666a312af135f,https://utat-ss.notion.site/Kei-27b3e028b0ea8072ba2dd9ed3eba3d7b,https://utat-ss.notion.site/attitude_planning-docs-8dca256f129d430b814bb3bd16a413b9,https://utat-ss.notion.site/7a5cd6574b234a6798c123b60a1ceaa2,https://utat-ss.notion.site/ADCS-Onboarding-Guide-3b82d379bd0443ec984b870fb753f163
https://utat-ss.notion.site/Idle-Mode-fd20eb0e5216478899ebebc02b62c203,https://utat-ss.notion.site/What-is-Slack-136d01ed93fd48aa936537c3c40a6fb5,https://utat-ss.notion.site/6781ebfb445949ee9d258f2109d50047,https://utat-ss.notion.site/20e3e028b0ea804f868aef79f92feea7,https://utat-ss.notion.site/utat-ss/OpenVPN-db39f3bb05ab470688e540b9827473f7
https://utat-ss.notion.site/d401caa9bd0e428d96176dba9bbe81de,https://utat-ss.notion.site/Purchases-for-Build-I-9b65094af2f7491f84f8c9e3b54c5828,https://utat-ss.notion.site/EPS-Any-Speedrun-2753e028b0ea8040a8a5f7473a882927,https://utat-ss.notion.site/FINCH-Phase-F-2a33e028b0ea80be844fcffa91697f41,https://utat-ss.notion.site/2903e028b0ea806ca4d5d9347488ca2d
https://utat-ss.notion.site/FlatSat-6bef2f07496144219b7b57a6574098d7,https://utat-ss.notion.site/FINCH-DP-DataProcessingPipeline-5495278aebc2404897f9d9be11af720f,https://utat-ss.notion.site/SS6MS12-M6-x-1-0-Stainless-Steel-Setscrew-12-mm-Long-25-Pack-7e333fb751204efcb36a984ad319c637,https://utat-ss.notion.site/Power-Design-Lead-cac5467658ee46789eafc797b43b954e,https://utat-ss.notion.site/FINCH-Eye-V6-Design-Validation-26b3e028b0ea801cb5c2da5c3d01fa29
https://utat-ss.notion.site/6c05b82ff5ff4eb3927674e5034ab28a,https://utat-ss.notion.site/Test-Harness-Controller-Selection-aadeab4f4065491db88529fef71ed274,https://utat-ss.notion.site/a82ea021dd724d049e215639d09b0052,https://utat-ss.notion.site/b9613baccdd84fc5b9796c3948e49495,https://utat-ss.notion.site/ADCS-FSS-15-has-a-hard-error-1383e028b0ea817e9149e1b3c3a95ec2
https://utat-ss.notion.site/HERON-Ground-Operations-7033aee4be2942f68949b97e8a238dcc,https://utat-ss.notion.site/FDIR-ADCS-Brainstorming-88b423efc88e4015a3bfb6a2a905ef18,https://utat-ss.notion.site/Attitude-Planning-Simulator-dea7160be22c47b98fbf6a80ac790105,https://utat-ss.notion.site/00-Model-foreoptic-Zemax-026ca7f3ef6a4bfb88eade727df93e21,https://utat-ss.notion.site/FINCH-ADCS-StarTrackerPlacement-69ba58e165cd433c870280d68e7702e5
https://utat-ss.notion.site/Ground-Station-Diverging-ff8fa694bd044be99e41bc2bee589812,https://utat-ss.notion.site/Absolute-Spatial-Resolution-bd475362664e46578b113ff3bfb51e76,https://utat-ss.notion.site/FINCH-Power-Budget-1af2458248134111b04bf2e516cedefb,https://utat-ss.notion.site/Antenna-Controller-Project-0f0b9fb540b6459a8b87a1130639b4ca,https://utat-ss.notion.site/767fe29bf199416ab34e4e053e20e192
https://utat-ss.notion.site/HSDT-Denoiser-aa306c141f8c4bbd8100d43efe740df1,https://utat-ss.notion.site/Stray-Light-Measurement-09c154676abe4d069fd624ecf74fcc5a,https://utat-ss.notion.site/25e3e028b0ea805c917ffc19c99b90f6,https://utat-ss.notion.site/Fall-23-New-Members-98c5ffb2cabb41418861af4a706f72ba,https://utat-ss.notion.site/Using-Camera-Control-GUI-to-communicate-with-FLIR-Tau-SWIR-2633e028b0ea80a18d7cdc6b5ae9724c
https://utat-ss.notion.site/Thermistors-1bb24edbc9284b228b01bbfb5cc05611,https://utat-ss.notion.site/FINCH-Accuracy-Target-1fd3e028b0ea80e793ecfa2fe13470e3,https://utat-ss.notion.site/Ground-Segment-4d4eaafedfa643c689558cb00617b9fd,https://utat-ss.notion.site/ADCS-Test-Bench-Test-Plan-7f6d087469cf4f84bad181d20d6903a7,https://utat-ss.notion.site/SPRW-Power-Interface-1fc3e028b0ea8042928ef2a75f12d2fb
https://utat-ss.notion.site/FINCH-OPS-EMRadiation-abeba61c43794496920f8e15604e63a4,https://utat-ss.notion.site/Downlink-Other-Amateur-Satellites-18a68cd74aa54d13a66cb5bef65959f0,https://utat-ss.notion.site/Orion-23823750aa6f4ca79280a94dea1db4a5,https://utat-ss.notion.site/128bb8216bb547be8b2b3593714e2738,https://utat-ss.notion.site/Athermal-Range-ba6b36af3370488baf5bd2a66f209b94
https://utat-ss.notion.site/Ksenya-Mario-Handoff-2b03e028b0ea802faf91f8d3eddf0be7,https://utat-ss.notion.site/f70bc2fa25b24934a16d50f527e10387,https://utat-ss.notion.site/FINCH-Phase-E-2a33e028b0ea80daac9bcc512897e6a2,https://utat-ss.notion.site/2743e028b0ea80c9bb84ffbe01dc4a8c,https://utat-ss.notion.site/What-is-Stray-Light-bbc6859c6b114d538cfdf6a6039e4674
https://utat-ss.notion.site/RF-Switch-Board-f9b9bb91332245fd834fa498aec1fde0,https://utat-ss.notion.site/FINCH-ADCS-UplinkDownlink-a6c6d3ead50d4648b99a6ecde385126f,https://utat-ss.notion.site/Card-1-2a7e38df9f06499ea407c098769f803f,https://utat-ss.notion.site/LCP4S-30-mm-to-60-mm-Cage-Plate-Adapter-4-mm-Thick-8f2ae666d7de4b3f92ca1b82951835b6,https://utat-ss.notion.site/OBC-V1-Testing-Plan-55cab541c1834abba7bf461a2941fd7d
https://utat-ss.notion.site/FINCH-Systems-Internal-Design-Review-Summer-2023-fd4584c7f8244a039273b005551da440,https://utat-ss.notion.site/1f63e028b0ea80ed85eaeacc1fdfa28b,https://utat-ss.notion.site/Abstracting-CubeSat-Operations-A-Path-to-Real-CubeSat-Interoperability-04c0106062fe4ff290d635205ff3ecd2,https://utat-ss.notion.site/Acronyms-terms-and-Symbol-List-5466f1e1dc0045b68f26440db87ebd80,https://utat-ss.notion.site/FINCH-Internal-Design-Review-Summer-2024-Minutes-6f9fdbc2269a4946af3868ccc747b3d3
https://utat-ss.notion.site/FINCH-ADCS-FSSTelemetryAcquisition-9eb3732882d74fa59f3b8f87e4b31b12,https://utat-ss.notion.site/TR50E-M-12-7-mm-Graduated-Optical-Post-SS-M4-Setscrew-M6-Tap-L-50-mm-1be0efd49cd84798a28c6bf267489d34,https://utat-ss.notion.site/a164f08b3c39495b877d9e4aea841e39,https://utat-ss.notion.site/TU-Delft-STM32L496-Rad-Test-2903e028b0ea804c8443f384b3ff778e,https://utat-ss.notion.site/39df615d5af04dfab73fccacc1a2320e
https://utat-ss.notion.site/117d2dc9b2c14e07bed228846164f1f7,https://utat-ss.notion.site/utat-ss/FreeFlyer-57dedb70d0ce4e229b21339004d62a9b,https://utat-ss.notion.site/SWIR-Camera-Specifications-and-Comparisons-IN-PROGRESS-717bbbe11a3543008ac53b8a58132126,https://utat-ss.notion.site/19ba6e93c0bb4c18a7c09c462d047f76,https://utat-ss.notion.site/Slit-Width-22f952bc79eb43209024558dadf0d5ae
https://utat-ss.notion.site/Angela-Leung-e77380d576d6440394e86a756ce28632,https://utat-ss.notion.site/FINCH-PayloadController-Storage-399f4a634e7841fdbf2d9fb55fbae074,https://utat-ss.notion.site/PCB-Design-Tips-n-Tricks-ca80f2326dff4575a3ff373e71a47793,https://utat-ss.notion.site/Pivoting-Quick-Release-Mount-f331006abae4414ab7999f34aa3d26c4,https://utat-ss.notion.site/ADCSxOpticsxData-Processing-Sensor-Model-Notes-d3a19a100d1a484dac57cc274c9ce986
https://utat-ss.notion.site/FINCH-PayloadController-DownlinkSpeeds-0ca63fa0d6c849c9b30ab571b1213e97,https://utat-ss.notion.site/FINCH-ADCS-AbsolutePointingAccuracy-f3616c9b95d844a6a5fc0fdc48598f22,https://utat-ss.notion.site/Paymech-Housing-Redesign-Review-ba2cac534b8945c7899e92334e57b2e3,https://utat-ss.notion.site/Time-Line-f321634720024cf39e36b15e24aa2ab5,https://utat-ss.notion.site/Lasers-097d5f9cc09e4bb9b93554b53a72076c
https://utat-ss.notion.site/Mechanical-Onboarding-Challenge-Fall-2025-26b3e028b0ea808a8058c795ad61620f,https://utat-ss.notion.site/Lesson-Learned-db9306ca33824df2b832f21bc4eb6570,https://utat-ss.notion.site/PV-Cells-63dad74592c24f5ea074111d3f8fc068,https://utat-ss.notion.site/Opto-Mech-Sync-November-29-2ba3e028b0ea80fb9e1ac0a1887be6ac,https://utat-ss.notion.site/Phase-Completion-Deliverables-1f63e028b0ea806aa90ad95e37660f3a
https://utat-ss.notion.site/b4c49993482749108336e7572c84c678,https://utat-ss.notion.site/ca3c50adb1df4040b8f6b95d1f02119d,https://utat-ss.notion.site/FINCH-Mechanical-RailsEndToEnd-1993e028b0ea80df8ecfca4de6a7d5b1,https://utat-ss.notion.site/SRS-4-Loopback-acfa1a74685c43ab9480a1eea1e8f759,https://utat-ss.notion.site/Mechanical-Fall-2025-2573e028b0ea80bf8bd9e30145485805
https://utat-ss.notion.site/Dark-Shot-Noise-d0632bd2a0444d7eb814beed1224ba06,https://utat-ss.notion.site/2f3948055521450fa0b4d782e938e795,https://utat-ss.notion.site/OBC-v1-2-1b73e028b0ea8087b926e38d1baa6f59,https://utat-ss.notion.site/1fd3e028b0ea80fa9e69c95a1fde7b6a,https://utat-ss.notion.site/29b3e028b0ea808496cdd86962b27222
https://utat-ss.notion.site/Modes-of-Operation-for-a-3U-Cubesat-with-Hyperspectral-Imaging-Payload-cbfb1a75a4344a9883d6a56c0470f7dc,https://utat-ss.notion.site/2313e028b0ea80d3b6adf2653d610692,https://utat-ss.notion.site/EPSv1-Design-Overview-1a83e028b0ea80d69a49c02a6545d5b6,https://utat-ss.notion.site/824aa42c951b4378a6ddde754d36b9c8,https://utat-ss.notion.site/FINCH-Spacecraft-CenterOfGravity-2513e028b0ea8002858eeff1d33c6ca6
https://utat-ss.notion.site/Mechanical-October-18-2903e028b0ea80cab9e0cfc9d1c88a51,https://utat-ss.notion.site/3b305676623344cc8273469742105b6e,https://utat-ss.notion.site/Signal-to-Noise-6a3a5b8b744d41ada40410d5251cc8ac,https://utat-ss.notion.site/FINCH-Spacecraft-SpacecraftCoordinateSystem-266cf0c0ac034a408bce1c3a5cf1ffa4,https://utat-ss.notion.site/The-Envisat-Satellite-and-Its-Integration-8b1af6fb85a54ecfabbf841fbf7616c9
https://utat-ss.notion.site/Modes-of-Operations-Overview-14848d83878c49b6b513756090777035,https://utat-ss.notion.site/FINCH-Thermal-BatterySensorPlacement-8c21537eb11043d5b947bafb5a82bb40,https://utat-ss.notion.site/Belle-Lu-f7700133ef674ccf9cc862437fdd256d,https://utat-ss.notion.site/HackRF-and-GNURadio-Setup-Project-8847513899914b3f8eed52b64dfc50c4,https://utat-ss.notion.site/bf92630ccf9b4440b29789ebe9748e8a
https://utat-ss.notion.site/Data-Processing-Lead-91533eaa608944a8aa2846d67ed2cf01,https://utat-ss.notion.site/ADCS-Onboarding-Projects-2003e028b0ea8014bb66d0211d5a547b,https://utat-ss.notion.site/Space-Systems-November-1-29e3e028b0ea80b8b384c7e4696680d1,https://utat-ss.notion.site/GS-Mast-Adapter-005c3a85f06d47d5bd83cea2534cac73,https://utat-ss.notion.site/Christina-Mai-1ef3e028b0ea806a8c28fcc84478b55e
https://utat-ss.notion.site/FINCH-OBC-ThermalInterface-84a75ad1868c4af7b4cf54479b03023a,https://utat-ss.notion.site/6a3a5b8b744d41ada40410d5251cc8ac,https://utat-ss.notion.site/03b016fc1e304f0fa40aeaf5f17009e6,https://utat-ss.notion.site/Tools-9957d8af14ef4572b80fbe700367f9d6,https://utat-ss.notion.site/Nov-29-2025-2ba3e028b0ea802c9eddf8e6eae8af1c
https://utat-ss.notion.site/Particle-Counter-eed87cc4f9384bd5b2f3879838d61dd6,https://utat-ss.notion.site/FINCH-Spacecraft-LaunchProviderCompatibility-5d2f5c882e474886b875dbf623e34040,https://utat-ss.notion.site/7c25fa556b0c4152a6392a189972b9b8,https://utat-ss.notion.site/2903e028b0ea808fa1f7cfa24d4adf7c,https://utat-ss.notion.site/535a98b97a414e268f98e609c8995312
https://utat-ss.notion.site/utat-ss/Confluence-ad0a4507159744eeadc412de4fb6e4bc,https://utat-ss.notion.site/cac4ff5706b94ff29cc1bb5b1716667f,https://utat-ss.notion.site/Thermal-Camera-7be1a30f0fa04e7d9c5dbd4b121e359d,https://utat-ss.notion.site/3a21c77402454dc68c20f8363c10997e,https://utat-ss.notion.site/795fff9e776a440887e6576d8a9af133
https://utat-ss.notion.site/Arnaav-Bellani-c3ffa85fbc304936ad37077e38ee9785,https://utat-ss.notion.site/Telemetry-Data-Budget-6a89a4389469451a87cca808a72cd0bb,https://utat-ss.notion.site/AlbertaSat-Satellite-Firmware-MOO-c7cf95cce2b5499fb9ef7800b81e2868,https://utat-ss.notion.site/Crop-Residue-Literature-b0bc6603e3624de68680625ace747c45,https://utat-ss.notion.site/1b03e028b0ea8019b8f3c4de9720cf9a
https://utat-ss.notion.site/Arnaav-Bellani-fa1e990df19d41c9aaa9adb8adf51614,https://utat-ss.notion.site/680f31bef0984457a3b797904fe0fc80,https://utat-ss.notion.site/STOP-Analysis-Mechanical-Plan-102266a0ccb748318fdd0d0c901870e5,https://utat-ss.notion.site/UTAT-Wide-Kickoff-5e49bf4ba3984738859b1f73b778d23a,https://utat-ss.notion.site/OnSat-Structure-b5ea3e498f14450a90d8d8b02b2c0fe8
https://utat-ss.notion.site/Sponsors-Applications-0fba176719934eeea6535a86c4760026,https://utat-ss.notion.site/UTAT-Space-Systems-Modern-Slides-Template-78426863c0314ef8bb78440450797292,https://utat-ss.notion.site/Anthony-Salgado-3954fb300c2443aab4c37d80aff23695,https://utat-ss.notion.site/2285d1acaced4c7cb2a201db6914a725,https://utat-ss.notion.site/60b11c112a4141548986914a59a1540b
https://utat-ss.notion.site/FINCH-Mission-4cac75a99bf14c4cbe33bc584c8e004d,https://utat-ss.notion.site/Mechanical-Meetings-c41d5d9bf41a4df0ba9bfd28505c46dc,https://utat-ss.notion.site/PCB-Assembly-1aa3e028b0ea8054be29d4b481394fac,https://utat-ss.notion.site/Multiple-Output-Regressor-2393e028b0ea80638076c68e8d7324c7,https://utat-ss.notion.site/At-Sensor-Radiance-Pipeline-Architecture-1963e028b0ea8048890fca46fce76bfa
https://utat-ss.notion.site/026ca7f3ef6a4bfb88eade727df93e21,https://utat-ss.notion.site/Signal-Incoming-Light-83c2990dd77c4371a2ba997840ca649b,https://utat-ss.notion.site/cd9c53a36bc04e5bbd76679e1301b8ad,https://utat-ss.notion.site/Contacting-Us-d199b6fb9fab4f4ea8eefcddcf8591ed,https://utat-ss.notion.site/Thermo-optical-Tape-781c156f94594556be91cb77c693c898
