https://utat-ss.notion.site/FINCH-Phase-D-3ffc1068b57b4f2f9425047d9681d463,https://utat-ss.notion.site/Electrical-Lead-Role-Description-67be3a9e3deb44fb9bbebc7e8e84bac6,https://utat-ss.notion.site/6a3a5b8b744d41ada40410d5251cc8ac,https://utat-ss.notion.site/ead7556959874eecb289f6863a6a11be,https://utat-ss.notion.site/ae6ce4c60e4944d3ac4b10b9b4c2fa5f,https://utat-ss.notion.site/Systems-Design-Lead-128bb8216bb547be8b2b3593714e2738,https://utat-ss.notion.site/Batteries-1c53e028b0ea80ffa3d7c27e58a92e61,https://utat-ss.notion.site/NX-Random-Vibrations-0625e37627e94f94acd97d3a6b6a38b9,https://utat-ss.notion.site/Antenna-Mechanical-Compendium-e212f94dcb9e425ab11d4dd26f9ccc1f,https://utat-ss.notion.site/Falcon-User-s-Guide-97fa6592b7384ee8ad2cec255383a5f7
https://utat-ss.notion.site/5cd74ef5e026495480cb4521cf3ae1b9,https://utat-ss.notion.site/60ed7087417a49778f73ac37283b18e7,https://utat-ss.notion.site/Slack-Archives-3eee5c598bd74d899a4cd52ceec9c9a9,https://utat-ss.notion.site/Spotify-b2f6674a04664d70b520c4c891879a66,https://utat-ss.notion.site/RF-System-Diagrams-537a49ea4a36464ea627743c2c689a4f,https://utat-ss.notion.site/HERON-Ground-Station-Server-76331cee86df423297f1589002a03bcb,https://utat-ss.notion.site/Head-of-Finance-Business-Development-1c8235a3188a4738a74bde01b3a81811,https://utat-ss.notion.site/Fusion-Team-f225640f2b3246fc94badf9926eb8a45,https://utat-ss.notion.site/InGaAs-Landscape-7d8b0969600745fda459b258ba1b5d28,https://utat-ss.notion.site/Thermal-Subsystem-Projects-3f53904af36b4be5986862eb964376bc
https://utat-ss.notion.site/PayMech-NX-Model-II-2c4cb90fc4054d9eab97cda8fed5a655,https://utat-ss.notion.site/Ansys-570b8d42128149fd8816c9e7fb36d72e,https://utat-ss.notion.site/Create-AIT-team-b6a9a725b23f47c58a5f6664d7ed604a,https://utat-ss.notion.site/UTAT-Remote-Machine-b1f73f55589743168f647f1e30691ceb,https://utat-ss.notion.site/78c65cf8e7af4b1ba30fc42d1922bc95,https://utat-ss.notion.site/Phase-Completion-Deliverables-1f63e028b0ea806aa90ad95e37660f3a,https://utat-ss.notion.site/Risk-Management-45eaca02da7743c986b215b717ef1ec3,https://utat-ss.notion.site/9e32b247f1f24362b471481e475132dc,https://utat-ss.notion.site/FINCH-PayMech-QuasiStaticLoading-6b040279e9c545ae96ccfa578cdc3238,https://utat-ss.notion.site/Data-Processing-Lead-91533eaa608944a8aa2846d67ed2cf01
https://utat-ss.notion.site/Legacy-Old-Archive-1fd3e028b0ea80208dd0f35fbabcfa88,https://utat-ss.notion.site/OBC-v1-2-1b73e028b0ea8087b926e38d1baa6f59,https://utat-ss.notion.site/Data-Processing-661606034b8b4598bc5a13a822d27b7c,https://utat-ss.notion.site/Create-Summer-2023-Internal-Design-Review-Presentations-9a844f101c3d4bc7bba87558d09daf48,https://utat-ss.notion.site/ARCHIVED-Attitude-Planning-Information-19387dcf8bf0406792fdc236954e7fcc,https://utat-ss.notion.site/Pritunl-VPN-3459eed5047a4f3f8ce419dd378ce166,https://utat-ss.notion.site/OBC-v1-2-2293e028b0ea80429097e016074f0254,https://utat-ss.notion.site/FINCH-Ground-Ops-Mission-Control-eb4b22eef28643d695eff3d9e18dd02d,https://utat-ss.notion.site/utat-ss/UTAT-Remote-Machine-b1f73f55589743168f647f1e30691ceb,https://utat-ss.notion.site/The-Hitchhiker-s-Guide-to-the-Electrical-System-1a93e028b0ea801fa678f996f0f1e480
https://utat-ss.notion.site/ER4-Cage-Assembly-Rod-4-Long-6-mm-7a15e5a8d0fb418a9847d77feae4f14c,https://utat-ss.notion.site/Budget-e4295e5c401b41809f43c37ebd944b14,https://utat-ss.notion.site/FlatSat-Build-and-Testing-31e1b683dff84552b403b5638969bb59,https://utat-ss.notion.site/Masterful-Mechanism-1b73e028b0ea806faef3e00fb2ea911a,https://utat-ss.notion.site/1bf3e028b0ea80668385e4c6b02e6471,https://utat-ss.notion.site/72ff33bd7ad94645a351f3ae54baa852,https://utat-ss.notion.site/GMAT-6659ac61e2654647a8b8c9bcf7bc77e9,https://utat-ss.notion.site/FINCH-Modes-of-Operations-Space-40cbd30097a64a27aae241ed4231b9a5,https://utat-ss.notion.site/e39bbc672b5c47069ac5b609e874760d,https://utat-ss.notion.site/Documentation-96be7885d0784509bba2a3f220fd405b
https://utat-ss.notion.site/L2175-Xenon-Lamp-f98d968d76954388b9562ae5c437738c,https://utat-ss.notion.site/c282348ddb184cf4ac92259017c64278,https://utat-ss.notion.site/Send-Advisor-Invitations-CDR-2023-1d762de13b484b1abb32797c1d8a08f7,https://utat-ss.notion.site/Firmware-Sync-2024-12-01-5e6ce501f7a541feaa7349476888e034,https://utat-ss.notion.site/FINCH-Ground-Station-9a9a128a9d69421ba0e636ebaa26d1a6,https://utat-ss.notion.site/Ground-Station-Test-Satellite-Candidates-840f478c7ac24b00a2cae45fd2d5d16e,https://utat-ss.notion.site/Conferencing-99634e119d3b4580bd023a2dd80c85fc,https://utat-ss.notion.site/Overleaf-d55066592c014f6bb36d5aa3a02cd696,https://utat-ss.notion.site/The-Camera-Configuration-b7a75fcd87814d619d7abc9670df898e,https://utat-ss.notion.site/6f62775fa8ba46108c65babcb01664de
https://utat-ss.notion.site/CP13-M-C-Mount-Threaded-30-mm-Cage-Plate-0-35-Thick-M4-Tap-4bf3d433ad5f44028f2b859ecef52d4b,https://utat-ss.notion.site/2a902cb13fdf4d8b880751de792792d5,https://utat-ss.notion.site/Systems-Transition-Meeting-03-64e844bb3a394a0ba2afc03bd2883790,https://utat-ss.notion.site/F2024-Status-Update-ba558b95df634b25a63e56cb340521b6,https://utat-ss.notion.site/Head-of-Outreach-d967c3f3ca704abf848e2df592e9b709,https://utat-ss.notion.site/Google-Groups-f59e7b1df06d4b78b056be8495ffc1d4,https://utat-ss.notion.site/Threads-in-Solidworks-26d3e028b0ea80daa106ce9d2bb74645,https://utat-ss.notion.site/Noise-21ff532ac4334fbeab4aabf6372c9848,https://utat-ss.notion.site/Systems-Transition-Meeting-06-94c896d4b318406caf7dcad0cc5212fb,https://utat-ss.notion.site/Phase-A-Concept-Studies-69ed4e3b51fc4264b6e31ce6be5f3a67
https://utat-ss.notion.site/18e27a4bc72644a2947d362ad41d26eb,https://utat-ss.notion.site/FMEA-FDIR-Research-107e521fa712405f9c51c251c6610e5d,https://utat-ss.notion.site/Readings-40bf55e84f9e4016ba3f353195ba9162,https://utat-ss.notion.site/2023-CDR-Personal-Notes-a48ec7a3c2d9467aae487cd320fbc8b3,https://utat-ss.notion.site/Attitude-Planning-Simulator-dea7160be22c47b98fbf6a80ac790105,https://utat-ss.notion.site/dc9ed725155b405781f05482e57885c6,https://utat-ss.notion.site/Altium-FAQ-14f9b2e682a041f597b3a52363eaa207,https://utat-ss.notion.site/ADCS-a77b6e77479b4743acda079c64bcb047,https://utat-ss.notion.site/utat-ss/UTAT-SDR-Testbench-767fe29bf199416ab34e4e053e20e192,https://utat-ss.notion.site/Past-SolidWorks-Workshops-e1b4dbc651ad488bb115c5b9623c96a2
https://utat-ss.notion.site/utat-ss/STK-85d0ef967baf4d8ea37c1c12e32e3496,https://utat-ss.notion.site/cdeec4eea8c64b64a8367bb8913f258d,https://utat-ss.notion.site/V6-Assembly-Plans-2ab3e028b0ea80908bb0ed2256a17d0d,https://utat-ss.notion.site/31-Model-slit-Zemax-NSQ-a2d4d8ecffaa4db3b9c8f5ed044daec7,https://utat-ss.notion.site/GRISM-Literature-7867f89ea4c04fc7ab23a777c8509986,https://utat-ss.notion.site/Optics-Meeting-Schedule-4f15e36ef90546cd89c40b2b4dc4f8c2,https://utat-ss.notion.site/Source-of-Truth-Project-4bcd63d6f6204d009bfcda07b5674de9,https://utat-ss.notion.site/SH4S019-4-40-Stainless-Steel-Cap-Screw-3-16-Long-50-Pack-58dac1d95dd247fe8d525d54d117bb4a,https://utat-ss.notion.site/GNURadio-7a5cd6574b234a6798c123b60a1ceaa2,https://utat-ss.notion.site/TVAC-Testing-Plan-27aba78e3406464485ac6715ed9320dc
https://utat-ss.notion.site/NASA-Systems-Engineering-Handbook-bc06ad6317fb4a919c8aad7f1f9c8a64,https://utat-ss.notion.site/S2024-EDR-Q-A-1133e028b0ea81dd8e48f03dbefc4d2a,https://utat-ss.notion.site/Google-Forms-ae87b68e97bd4f15b5fd11915f28ffea,https://utat-ss.notion.site/21ff532ac4334fbeab4aabf6372c9848,https://utat-ss.notion.site/fc09fd69ca304979911558e05be2364a,https://utat-ss.notion.site/GRISM-Sourcing-b04e68e949224bd38da5b30f3eeceaa1,https://utat-ss.notion.site/Ground-Station-Design-Lead-7bb79122b29e4b8c922a209b789f1fe6,https://utat-ss.notion.site/15d8924bd3e64374b7299a50d29a8c09,https://utat-ss.notion.site/Director-of-Space-Systems-a03476528b34454680b3414af6cfc4ff,https://utat-ss.notion.site/Easy-to-Forget-Altium-Features-d1696179385c4d1aabfaa89d98488f72
https://utat-ss.notion.site/Finance-and-Business-Development-41c3a598aeef4e498daea0f99091ce56,https://utat-ss.notion.site/Optics-in-a-Fairly-Large-Nutshell-59b9957a3f8a4832bb4acb034a3278bb,https://utat-ss.notion.site/Head-of-Events-2903e028b0ea8043bdfec9ceac220e48,https://utat-ss.notion.site/About-Sponsorships-3d976c21504f4e8fa0dca13047f65242,https://utat-ss.notion.site/FINCH-ADCS-AttitudeDetermination-e36841c5e61c458bbfb36587393243a6,https://utat-ss.notion.site/b48f523df261445798175abc30fd025d,https://utat-ss.notion.site/08f9b7b9805e4be7ba7a7b907eb41d31,https://utat-ss.notion.site/01a8c70b77b84479bc21f294559ce828,https://utat-ss.notion.site/Jama-d276556338b14196b1fdd3f9bc1d9c07,https://utat-ss.notion.site/cbf0f63634e0432cb9d92672f5829f81
https://utat-ss.notion.site/Mechanical-6667386f66be4b6c9547bf5dbb481535,https://utat-ss.notion.site/a6bd17d377ad437eb5a11fea6ef533d7,https://utat-ss.notion.site/Command-Sequences-670cdd5d564545e2909594ffff00720b,https://utat-ss.notion.site/254f544c2d8c4f3a9df5cac7878444ce,https://utat-ss.notion.site/MCU-on-EPS-1b73e028b0ea801c8844d2751f36992e,https://utat-ss.notion.site/Science-Lead-0340bd490dab4c07aee2f1cc7579a38e,https://utat-ss.notion.site/My-Dashboard-3f31f4f3f34f4057899bf3ef70df0753,https://utat-ss.notion.site/Refined-Thermal-Nodal-Model-784d316cb9594139afab503da94f22b7,https://utat-ss.notion.site/Head-of-IT-3b23a559bdbe479caf4113ed700ad63e,https://utat-ss.notion.site/3b9eb0fda7664601b716f0a7084c9887
https://utat-ss.notion.site/Guides-21d3e028b0ea80a69ee0c098096d023f,https://utat-ss.notion.site/Request-For-Quote-Custom-Component-Email-Template-7b0dd034e2664d9f8666c677e1db3e67,https://utat-ss.notion.site/Project-Management-64880c9ebd9b4400b890ab37ab3f135d,https://utat-ss.notion.site/A-list-of-potential-lectures-a1038cd90eae4cf2975706c334df360c,https://utat-ss.notion.site/957a7b95cc65454fb64c849704470c11,https://utat-ss.notion.site/Design-Review-Best-Practices-c7bf15dec230449983daff6a8012370a,https://utat-ss.notion.site/SatNOGS-Dashboard-ef490540dd104a9abfd8176110b3ffa0,https://utat-ss.notion.site/Future-of-the-Payload-Method-of-Design-1ad3e028b0ea80b186f8fc7f0ed781b9,https://utat-ss.notion.site/5ecc9e2e4bad4bdc937686292dadc87a,https://utat-ss.notion.site/COMSOL-Meeting-7a2cea95b18c40db93865802a1c3b43d
https://utat-ss.notion.site/utat-ss/NX-4a5e6935aeaa48ffa4b1216d5fdaf1f7,https://utat-ss.notion.site/CubeSat-Design-Specification-14-1-5ce1abc5ae2045cfb3f862c54ffc6c59,https://utat-ss.notion.site/Roadmap-8bec3dab482c4835b718c735c1e51309,https://utat-ss.notion.site/Database-Tree-Visualizer-V1-fd3ac9b0f8f24e7dac6e419eb9468b66,https://utat-ss.notion.site/Desktop-Connector-39c1d5bda7654017a250102dd337d54f,https://utat-ss.notion.site/9ce4fcf699e04265ac033d2d83faf6c2,https://utat-ss.notion.site/8c5c0877cb6c4b18a696344337893c42,https://utat-ss.notion.site/OBC-v1-0-Bring-Up-03939191d2c545baaf2a8de8a8846620,https://utat-ss.notion.site/SS6MS12-M6-x-1-0-Stainless-Steel-Setscrew-12-mm-Long-25-Pack-7e333fb751204efcb36a984ad319c637,https://utat-ss.notion.site/Sponsorship-package-9e89f1f610ee46c3aa056c1488a015ad
https://utat-ss.notion.site/Mapping-Results-to-Models-e58534d6329946198811d8f7c6d11a29,https://utat-ss.notion.site/Model-collimator-and-focuser-Zemax-b067f249133644d896dee95186335f6d,https://utat-ss.notion.site/Sibe-2bf3e028b0ea80b18d5de0081c08bd76,https://utat-ss.notion.site/Measure-Detection-Efficiency-999fc6cd6eba42f087a153116ee619d7,https://utat-ss.notion.site/TikTok-d7482a919ab64db195203112a0bfefc7,https://utat-ss.notion.site/2a51c0ee42304881b6cd167a697e06f8,https://utat-ss.notion.site/Specialist-Role-Template-29a3e028b0ea8041ad42e6b9f2f1ac45,https://utat-ss.notion.site/Mission-Operations-Onboarding-9fced6ab39ab400d9539891b8a3e0973,https://utat-ss.notion.site/cfb7b48fb8cf4a3d8eab9ac43db1cc9f,https://utat-ss.notion.site/68f1bd15c09644ffbab37f96fea0247c
https://utat-ss.notion.site/97adf814c1944387938b098aa6b0f2ff,https://utat-ss.notion.site/1b23e028b0ea8026b582ee5d8497035b,https://utat-ss.notion.site/e2494034a9cd49d3b850251afeedc392,https://utat-ss.notion.site/Thermal-Tricks-1-Conduction-and-Heat-Paths-d58e4e23344743a7b60e13f729cf0d25,https://utat-ss.notion.site/FLIR-Tau-SWIR-Info-Handling-and-Care-89d3ffe1cca34184a75359dbdb7b5ae7,https://utat-ss.notion.site/How-to-request-download-images-from-EnMAP-Science-Lead-only-ef3eb4c555284671bcd9b434faee17e8,https://utat-ss.notion.site/Requirements-Engineering-a034365a83d94f02923c98b9173e5916,https://utat-ss.notion.site/Notion-8908b4afab364863b004875ed1b86bb9,https://utat-ss.notion.site/Design-Calculations-cc90a7ba016748abb71868ca00c6082f,https://utat-ss.notion.site/Ansys-Workbench-2703e028b0ea800cb084d8b062724025
https://utat-ss.notion.site/32ebfa1eba754fd6979f0c6c3239d873,https://utat-ss.notion.site/5d2f5c882e474886b875dbf623e34040,https://utat-ss.notion.site/PhySU-Colloquium-Fall-2025-Noam-and-Zoe-2793e028b0ea80228f0cc6e9b3c30682,https://utat-ss.notion.site/e0ee30d42799475db36634b6f9f349f3,https://utat-ss.notion.site/Mission-Ops-Github-fda24f57f9514a0088b34315b4f27939,https://utat-ss.notion.site/pritunl-b9c28d9a11a04c74acda470b4033eb68,https://utat-ss.notion.site/RF-Switch-Board-f9b9bb91332245fd834fa498aec1fde0,https://utat-ss.notion.site/523afc49047b46e0ae5c9928b8184b11,https://utat-ss.notion.site/FINCH-V1-Detailed-Mechanical-Design-Assembly-15ae396982bd40e6aff8344766adf8b4,https://utat-ss.notion.site/Systems-Transition-Meeting-14-d22b2f2214c34bf89306ebccbd3e2ac0
https://utat-ss.notion.site/b7cc3e640dc84cd2857ffba8e3869593,https://utat-ss.notion.site/LinkedIn-946e8d41ba9c42f3a36740df05102f77,https://utat-ss.notion.site/SSL-TLS-8b734ef6faa245039152bc89026a7b64,https://utat-ss.notion.site/2293e028b0ea80f2a0bff2c0e3c519fc,https://utat-ss.notion.site/24855e987d124630804a4f7d7d22b41f,https://utat-ss.notion.site/HERON-Operations-aa727ae93a944f7bb7c9d3909eddd5e3,https://utat-ss.notion.site/3aca15369ce141ccbcd058a6da7bc27f,https://utat-ss.notion.site/FLIR-Tau-SWIR-Product-Specification-0c123a9841a842fa837ccc5c8609c2ce,https://utat-ss.notion.site/Discord-7e082db228fe4df6ab3f0f2b55b997eb,https://utat-ss.notion.site/Achromat-Relay-Lens-8c57a7dc6cd54875942002689d452c98
https://utat-ss.notion.site/Electrical-Design-Lead-31181c68d07d4d028087ca8e50ae1937,https://utat-ss.notion.site/b5eeb4621108475b9271a86e42356188,https://utat-ss.notion.site/Summer-2025-Onboarding-20e3e028b0ea80319598dc6cf4aec38e,https://utat-ss.notion.site/Toronto-Region-Board-of-Trade-cf816e1cc13347889b47f1e9c08d8c3d,https://utat-ss.notion.site/FINCH-Eye-V6-Dry-Assembly-26b3e028b0ea80029882cabcb6fcea0d,https://utat-ss.notion.site/CP33B-30-mm-Cage-Mounting-Bracket-326fd57f3c0d4c77b364318e467fc852,https://utat-ss.notion.site/AC127-019-C-897c834f8703485c833afdb9a0d091d7,https://utat-ss.notion.site/f0f633f5c85f49ad82c6e9f998d3fdc6,https://utat-ss.notion.site/UTAT-Space-Systems-FINCH-Summer-2024-External-Design-Review-Invitation-9bf1fe4b0dfe4f6d9df07a4051313ef3,https://utat-ss.notion.site/Systems-Transition-Meeting-13-82d7bb86a03e48adbcae08f487c741de
https://utat-ss.notion.site/Operations-Testing-Campaign-7fae8ccb74f740f0a69a397bc3c73361,https://utat-ss.notion.site/e7b4ea7f457c4d2c87e018ab9e7ef7d3,https://utat-ss.notion.site/5b5f3d0d9a304dccbfbf1f9546ec5917,https://utat-ss.notion.site/e304ee8834cd4be592de1f6c141db7a8,https://utat-ss.notion.site/XE25C10D-M-525-mm-x-375-mm-x-300-mm-L-x-W-x-H-Plexiglass-Sliding-Door-Enclosure-cbe514a49bb942ee89767c07ad1b8c37,https://utat-ss.notion.site/UTAT-Space-Systems-FINCH-Summer-2023-Critical-Design-Review-Invitation-9b30b8f46e6041f88eaf5ead595e4416,https://utat-ss.notion.site/On-TVS-Diodes-1bb3e028b0ea80448633cde973e2b133,https://utat-ss.notion.site/Source-prototype-foreoptics-fe68df6a61d24890ac7e56840606b5c3,https://utat-ss.notion.site/19387dcf8bf0406792fdc236954e7fcc,https://utat-ss.notion.site/FINCH-a6bd17d377ad437eb5a11fea6ef533d7
https://utat-ss.notion.site/CubeSat-101-Basic-Concepts-and-Processes-for-First-Time-CubeSat-Developers-5f810ea4e9494f03905a890c0adb55d6,https://utat-ss.notion.site/Requirements-Optics-x-Data-Processing-x-ADCS-c16b6aff00ad46949ffcd9dc653542e7,https://utat-ss.notion.site/August-September-Maintenance-9bce427e1ec840158cded9a999b71065,https://utat-ss.notion.site/System-level-TVAC-Plan-af4f8556e4f7459a80de58e1120aed68,https://utat-ss.notion.site/HERON-Mission-Operations-Lead-feeabba1863c4c479bf659bf7db5d5c5,https://utat-ss.notion.site/NX-9f2c9331bebf4d90aee7fe38e59e07ed,https://utat-ss.notion.site/e0e96b5fcb7e4fd6bb7e54343ea94d4f,https://utat-ss.notion.site/Systems-Transition-Meeting-02-dcc06f21f4c54e31b909ccc7264c0f53,https://utat-ss.notion.site/01-Define-Slit-Width-requirement-63b946c8fa3b4af1909a736a8db20189,https://utat-ss.notion.site/utat-ss/OpenVPN-db39f3bb05ab470688e540b9827473f7
https://utat-ss.notion.site/1948c87e350040689f52d1e3ffb52d6d,https://utat-ss.notion.site/7ce3e55820894bf78c6df26593fd0448,https://utat-ss.notion.site/Ansys-Random-Vibration-Analysis-bbd1794850a84c60ba9cb99973301889,https://utat-ss.notion.site/Requests-for-the-next-Ground-Truth-Cycle-20e3e028b0ea8065b0a5e0a9d0756b0e,https://utat-ss.notion.site/3d0979d13fc0492cb993e6b21ac68c9f,https://utat-ss.notion.site/2bce38de6f554ff8b6950bc6567a175b,https://utat-ss.notion.site/2025-01-18-ADCS-semesterly-start-60df37d71398412dab7db3a73a2ebaf0,https://utat-ss.notion.site/STOP-Sync-14-6b4f3b86c1644b18a210d1afea5f7ed3,https://utat-ss.notion.site/UTAT-Space-Systems-Demo-Day-441ba05672614c36b2e2ea8274d3e908,https://utat-ss.notion.site/FLIR-Tau-SWIR-ISC1202-User-s-Guide-b187d65da2bf4d59beec99dc171a6473
https://utat-ss.notion.site/FINCH-OBC-CANBus-606a6c485fd94e7691a28136b9b2be12,https://utat-ss.notion.site/870797e0f3804258ad6fb3a66daa1e5e,https://utat-ss.notion.site/UTAT-Website-0390d9287de54e528b617917094ea037,https://utat-ss.notion.site/HERON-Regulatory-1d672fdf2303462fa19991517c8eb675,https://utat-ss.notion.site/ASDKJFABRTOW-motorcycle-noises-1f93e028b0ea8085b6a8c47e72ff9988,https://utat-ss.notion.site/Fusion-360-4bd59c5b54d94c0a82cb19435e09d239,https://utat-ss.notion.site/6bd244138e034527ba05497e0799fabf,https://utat-ss.notion.site/FINCH-Eye-Build-I-Lab-Prototype-45aeb67b7f4e4b369929a1d40e19f134,https://utat-ss.notion.site/Error-Tickets-1-00705674251140dd9aadf930a76e7b0b,https://utat-ss.notion.site/2803e028b0ea80098566ddb5aacb8362
https://utat-ss.notion.site/59b9957a3f8a4832bb4acb034a3278bb,https://utat-ss.notion.site/a2122d8623b546f8baaa9cb0c8ed6048,https://utat-ss.notion.site/HERON-AIT-0bef74530fbd4655a836ef44b0b9a0e5,https://utat-ss.notion.site/bff1d076c18a4f96a614a5854de1f4ca,https://utat-ss.notion.site/FDIR-Sync-w-EPS-and-Firmware-1b53e028b0ea80629624eefc75bdd932,https://utat-ss.notion.site/RF-FINCH-Ground-Station-Lead-1e73fdddbc3743e4948226c6d6fe1c35,https://utat-ss.notion.site/Opto-Mechanical-e2494034a9cd49d3b850251afeedc392,https://utat-ss.notion.site/Alignment-Procedure-1f784680dc094fc88d1148fd896daae8,https://utat-ss.notion.site/Modelling-Diffraction-Efficiency-28a3e028b0ea80c791d0ce49605cd94c,https://utat-ss.notion.site/Signal-1819461a3a2b4fdeab8b9c26133ff8e2
https://utat-ss.notion.site/PAY-v1-0-2643e028b0ea80d69e51df41b38e9ca0,https://utat-ss.notion.site/Testing-and-Measurement-Plans-482fd37f224e4ef89474b509dfd873ed,https://utat-ss.notion.site/a77b6e77479b4743acda079c64bcb047,https://utat-ss.notion.site/Regulatory-X-Systems-Sync-1d6e6b1c0b42451285316d7c847e955e,https://utat-ss.notion.site/126b792c5a57420eb39de2c9769081f9,https://utat-ss.notion.site/ef9c4c1a48ea4703a97ddb78e15af479,https://utat-ss.notion.site/92ddf8264e17414cbcacc53c99bcc13e,https://utat-ss.notion.site/1963e028b0ea8057830df7c77acf9166,https://utat-ss.notion.site/484fb9b61f034a16b13eb4a922f58311,https://utat-ss.notion.site/30-Model-detector-NSQ-Zemax-ae6ce4c60e4944d3ac4b10b9b4c2fa5f
https://utat-ss.notion.site/FINCH-Spacecraft-SpacecraftRadiatedEmissions-9856c152565b4b808c330b45a51b9cfd,https://utat-ss.notion.site/PayMech-NX-Model-I-166ec8dcf41d407793e1e27f1132d62c,https://utat-ss.notion.site/What-is-STOP-Analysis-ce35e63511d24245b8829f5cb4738315,https://utat-ss.notion.site/Thermal-Onboarding-Activity-ea93e3760f9b40b19045f7fbfcf79a60,https://utat-ss.notion.site/Generation-Re-design-Plan-B-ce54606da20e46a080e28640b3c38c60,https://utat-ss.notion.site/31f79ba6814d4ac5af6166e567881fe4,https://utat-ss.notion.site/Slack-bb750e4b50584de4add033d6d852021d,https://utat-ss.notion.site/Co-Head-of-Regulatory-2845e536dfe14abb9e233394678e93aa,https://utat-ss.notion.site/Future-of-the-Payload-Sensor-1ad3e028b0ea80bd95edeecfcd3f8405,https://utat-ss.notion.site/Science-Outreach-Email-Templates-de556f0b3f1d4a939085c4626c2cbb08
https://utat-ss.notion.site/Project-Mgmt-540b6b9c388541ebba2a76b5253d4ed8,https://utat-ss.notion.site/The-Crop-Corollary-73e2f678221f4c9682b5b887f3ad24cf,https://utat-ss.notion.site/Fault-Detection-Isolation-and-Recovery-FDIR-50142d27b7d3435fb8d37b918ca72f41,https://utat-ss.notion.site/FINCH-V2-Detailed-Mechanical-Assembly-1b43e028b0ea80ebb5c0fdd446c51883,https://utat-ss.notion.site/utat-ss/FINCH-a6bd17d377ad437eb5a11fea6ef533d7,https://utat-ss.notion.site/VPH-Grating-Comparison-28a3e028b0ea80938898d1f8d43cef77,https://utat-ss.notion.site/Joe-s-Mumblings-85c990b37bea472186b06ea43f430ddb,https://utat-ss.notion.site/d401caa9bd0e428d96176dba9bbe81de,https://utat-ss.notion.site/92d18f0c626342d183b21fb571f9afc8,https://utat-ss.notion.site/OBC-v1-2-Thermistor-Connector-Breakout-Board-20b3e028b0ea80058badeb0e1472aedb
https://utat-ss.notion.site/Payload-Design-Review-2025-02-22-1a23e028b0ea80bb901df4925700e070,https://utat-ss.notion.site/Random-Vibrations-Simulation-Research-46387486f8c8474c900bae910940630b,https://utat-ss.notion.site/NX-Modelling-ebab6e93c5054fe88e068cda24ee6e46,https://utat-ss.notion.site/b668876ae70b47e0a8c888346ad6dd89,https://utat-ss.notion.site/Shot-Noise-9616225cc4ca49a292f9620b71ad3194,https://utat-ss.notion.site/aa727ae93a944f7bb7c9d3909eddd5e3,https://utat-ss.notion.site/STOP-Sync-15-6755b777eca04941a6b24b7751cb5d58,https://utat-ss.notion.site/c9f34d72eda64675aad7e4d6bec3b060,https://utat-ss.notion.site/DevKitSat-I-4139a4c117804c18940e763ed507d71d,https://utat-ss.notion.site/dddf03d8650d481f9528c2d9069a1eb8
https://utat-ss.notion.site/HERON-Ground-Operations-7033aee4be2942f68949b97e8a238dcc,https://utat-ss.notion.site/Panel-PCBs-Schematics-Cont-d-aaed88b82031463baa9bf854c5f49520,https://utat-ss.notion.site/STM32L496RG-Breakout-2a33e028b0ea80ad87dcc7dbe8667477,https://utat-ss.notion.site/Source-prototype-relay-lenses-7b2fb034f9da42fc89d57573b3359131,https://utat-ss.notion.site/2313e028b0ea80d3b6adf2653d610692,https://utat-ss.notion.site/Nick-s-Notes-9a7717d327d847a8bb00a66f8fd0d34f,https://utat-ss.notion.site/Systems-01a8c70b77b84479bc21f294559ce828,https://utat-ss.notion.site/don-t-we-have-another-one-that-s-called-relative-pointing-accuracy-FINCH-ADCS-AbsolutePointingAccu-f3616c9b95d844a6a5fc0fdc48598f22,https://utat-ss.notion.site/V6-Test-Plans-2d63e028b0ea80c18692d92bfbb62277,https://utat-ss.notion.site/Calendly-14849b5755cf46ad84401fb1edbcc561
https://utat-ss.notion.site/ADCS-Design-Lead-7e536a2c3fbc40b28352074ab62b1a8f,https://utat-ss.notion.site/28a3e028b0ea80938898d1f8d43cef77,https://utat-ss.notion.site/FINCH-Phase-C-2a902cb13fdf4d8b880751de792792d5,https://utat-ss.notion.site/000-Repair-FLIR-Tau-c18f3f3cfe2e4b2b8e62f4eb090aad63,https://utat-ss.notion.site/Background-Literature-5dcde0e4a3054678923d829160dd3e5e,https://utat-ss.notion.site/GTI25-03A-740ff55416044556a5df4035d2818c49,https://utat-ss.notion.site/OBC-v1-0-1b73e028b0ea8090a242f8701780d512,https://utat-ss.notion.site/Github-Gathering-2043e028b0ea8052a5e6c3434bb8b599,https://utat-ss.notion.site/Optics-Academy-782d067ce4d04ee49175539175a86d2f,https://utat-ss.notion.site/Tradeoff-Studies-593d6ad0f0cc4b7ab7944b72a8bb1537
https://utat-ss.notion.site/Signal-to-Noise-Measurement-fb4622d3987d40419c46afd684ca1811,https://utat-ss.notion.site/Risk-Revival-80082bbd10054c949d75a6eec62a4724,https://utat-ss.notion.site/2c612c4681b646d08e36e7d3a54f111a,https://utat-ss.notion.site/507b164f3bbe4204bb149e42852f04da,https://utat-ss.notion.site/Opto-Mechanical-Lead-aeee51818f2f4d1d8e52a1763f25f102,https://utat-ss.notion.site/3ffc1068b57b4f2f9425047d9681d463,https://utat-ss.notion.site/NX-Random-Vibration-Testing-ed876b12d34a4cd4b4771005081dd02a,https://utat-ss.notion.site/STOP-Sync-11-c5c41b2d69df45998bb2e4058004141b,https://utat-ss.notion.site/CamDev-2743e028b0ea802ebb7bf6a523adb83a,https://utat-ss.notion.site/Status-Updates-Milestones-01fc27ac4288433fbbf621245ca7c3b2
https://utat-ss.notion.site/Materials-and-Equipment-89fc36b684c54cda89daa9475ac1dd3c,https://utat-ss.notion.site/9e7624cb0c414a89a4b0431a88c86f7a,https://utat-ss.notion.site/Crop-Residue-Literature-b0bc6603e3624de68680625ace747c45,https://utat-ss.notion.site/Operations-X-Science-STK-simulations-of-GSD-1a23e028b0ea80259974ff7fd2892fcf,https://utat-ss.notion.site/General-Literature-30a65a88b32b49df8338dce0b1712da5,https://utat-ss.notion.site/Smallsat-Portal-d7211586a9ff4bb4ba9c9edbc977fee3,https://utat-ss.notion.site/VPH-Grism-6518bed1800e45deaf689cbefc2ef44f,https://utat-ss.notion.site/Researching-available-commands-of-FLIR-Tau-SWIR-2633e028b0ea803ca557f87b192b54fe,https://utat-ss.notion.site/Google-Drive-9bd4faa859f5405ba88a54db88172167,https://utat-ss.notion.site/Time-to-Talk-7c59226005f443489ede1eb2c2b4f49b
https://utat-ss.notion.site/fd3dc1b2208b4f67bfa00bba1b557393,https://utat-ss.notion.site/OBC-v1-0-2293e028b0ea80a6b98fdfe8ceb96606,https://utat-ss.notion.site/Functional-Face-off-1c43e028b0ea806f8d79f325a7122abb,https://utat-ss.notion.site/Recruitment-c3941894f4d14ed5b3e3690ed8df1758,https://utat-ss.notion.site/bf92630ccf9b4440b29789ebe9748e8a,https://utat-ss.notion.site/MODO6-eb427d5852f746be8ad6ddd57e951a32,https://utat-ss.notion.site/0a9491d472e3411a98c28b3ffaa2a682,https://utat-ss.notion.site/9b402bde9823427086b5096ffb207bdf,https://utat-ss.notion.site/6be76e93794e44f8a2c6efd471d70c12,https://utat-ss.notion.site/ADCSxOpticsxData-Processing-Sensor-Model-Notes-d3a19a100d1a484dac57cc274c9ce986
https://utat-ss.notion.site/FINCH-Spacecraft-MaterialsOutGassingCriterion-899af79d0b674abd9a1134cb0d7ff2b2,https://utat-ss.notion.site/AER407-Lectures-05ce5eee034d494e987d680579059820,https://utat-ss.notion.site/b6a9a725b23f47c58a5f6664d7ed604a,https://utat-ss.notion.site/edac82ef19b14cd187b25eb767d550c6,https://utat-ss.notion.site/Tent-Thy-Vias-2313e028b0ea805b95cfcdf6e8238e85,https://utat-ss.notion.site/UTAT-Space-Systems-Email-Signature-Original-cca52a0adc954fb3a04a68b3c237898e,https://utat-ss.notion.site/cd061a642d9743c0bc76a6c36a2d3277,https://utat-ss.notion.site/f59e7b1df06d4b78b056be8495ffc1d4,https://utat-ss.notion.site/Science-Specialist-Atmospheric-Modelling-28c3e028b0ea8046a9f1f82dc3569919,https://utat-ss.notion.site/1b03e028b0ea8019b8f3c4de9720cf9a
https://utat-ss.notion.site/Budget-2403e028b0ea803b9b76f71eaa32c720,https://utat-ss.notion.site/Requirements-Model-Optics-02f36783e11b4048969dcd2f518b7a92,https://utat-ss.notion.site/9b1852ef186a4803925553a4c3a8dc14,https://utat-ss.notion.site/c18f3f3cfe2e4b2b8e62f4eb090aad63,https://utat-ss.notion.site/205ce3c248714898b057afa0362a7750,https://utat-ss.notion.site/MVL100M23-e42462273e054a02a74d39c8ebe0f592,https://utat-ss.notion.site/Relay-Lens-16-291-463e5dd292744adda1e2de3590abb82b,https://utat-ss.notion.site/The-Criteria-Criticism-c5aedfc2eb7a4b7d932440d0a1b0121e,https://utat-ss.notion.site/572d83bb350c49b493022573c7a321af,https://utat-ss.notion.site/Thermal-New-Member-Onboarding-653d6b57891d432cab1df69370284746
https://utat-ss.notion.site/The-Zen-of-Engineering-21b56464e03d477984c6a5394f3b6fb1,https://utat-ss.notion.site/d27b176eee534539838235f8fd37c3ab,https://utat-ss.notion.site/Optics-Onboarding-fcb6e49530e14a699522af0c0414b6b6,https://utat-ss.notion.site/Space-Optics-Considerations-ef3698e7d95d479582b439734816e72d,https://utat-ss.notion.site/Reflective-Design-2683e028b0ea8037839ed120a48afa21,https://utat-ss.notion.site/Power-Board-1fa3e028b0ea80679a71d99008f9dafb,https://utat-ss.notion.site/ISED-Spectrum-Management-System-c66d90527429497cb73a4e0695ab6b2b,https://utat-ss.notion.site/UTAT-SS-FINCH-Part-Number-Formatting-750d593a45854891a2203d263e5e458d,https://utat-ss.notion.site/Finance-28090a3b983743f6aab3aaae8374c326,https://utat-ss.notion.site/HERON-Mk-I-8a711c3bd80a454596a809e6edcc1ec6
https://utat-ss.notion.site/OnSat-Structure-b5ea3e498f14450a90d8d8b02b2c0fe8,https://utat-ss.notion.site/7f2c34fe606f40c1a321f99c04afa6d3,https://utat-ss.notion.site/Structures-NX-Model-V1-ffdf120f91ad41d2be2dd86755394607,https://utat-ss.notion.site/Thermal-NX-Model-e1542e88ddcc40cebab5f75629be996e,https://utat-ss.notion.site/Old-Mission-Ops-Meeting-Notes-c8904c25f7ff4df6932f3c46106610d6,https://utat-ss.notion.site/Payload-Data-Budget-V0-0-deb6a6f553ad4c239fd0606c0ae7478e,https://utat-ss.notion.site/Coby-s-Comments-1ae3e028b0ea80b08364d5c26e2b89ef,https://utat-ss.notion.site/Advisor-b33412743a134f69bc8a3d40ddf57be0,https://utat-ss.notion.site/2f120a45e58f4fe697c0e5fd8fd8242e,https://utat-ss.notion.site/About-Grants-9f3c1baa53464c2daa6702384f71c963
https://utat-ss.notion.site/CB-01-General-Member-Guideline-5d4847df556b4dbdb474864f9132b37b,https://utat-ss.notion.site/Electrical-e0e96b5fcb7e4fd6bb7e54343ea94d4f,https://utat-ss.notion.site/Systems-Engineering-4bd9b1fdfd314259974b5bab4f3b0b26,https://utat-ss.notion.site/Lab-Facilities-Manager-5edbe2e52e04418d8ad9c1054b111b5d,https://utat-ss.notion.site/Shock-simulation-e2674ea742ed40e095576a02228dbf23,https://utat-ss.notion.site/Productivity-Ecosystem-27958fe1a5594f7ba08b27e4f0168686,https://utat-ss.notion.site/Power-32ebfa1eba754fd6979f0c6c3239d873,https://utat-ss.notion.site/c332467bca594a3f811e48c661fedf6b,https://utat-ss.notion.site/FINCH-Ground-Station-cd8e3c6ed0ee4fb29301e27794792ebe,https://utat-ss.notion.site/19db90c7ba1f434ab701044e37479b07
https://utat-ss.notion.site/47340c0f0c2b49aeb07c7391c18703dc,https://utat-ss.notion.site/Port-existing-DCMI-DMA-code-for-the-Flir-Tau-2ab685d2bc39438db7b02f25612cf79b,https://utat-ss.notion.site/aba4cdac9305492ebf03925ca8556d42,https://utat-ss.notion.site/History-of-EPS-2473e028b0ea80e4bc00ec9926484d97,https://utat-ss.notion.site/RPi-FlatSat-Ground-Station-Build-f65263f7194345b0b16011518f21b272,https://utat-ss.notion.site/Sensor-Limited-Spatial-Resolution-e009528833ec4aebba532476aab15bef,https://utat-ss.notion.site/a2846a92f44b4d85b49534c4be855e3c,https://utat-ss.notion.site/40c01a3bd7fa4d8cb239c694c01189d3,https://utat-ss.notion.site/Thermal-Tricks-bdb3dd520b3a48359027b12eba658582,https://utat-ss.notion.site/Box-0cc9720b97fe4b65809aa6fcd92d809a
https://utat-ss.notion.site/Debris-Assessment-Software-bfded49eb0414da8aa87deb0651cc646,https://utat-ss.notion.site/Launch-Environment-62a29d0957bf46159c189f772355fc97,https://utat-ss.notion.site/Flat-Sat-ADCS-Build-616c70d16683474286b8104fc3c3488c,https://utat-ss.notion.site/Useful-Content-Guides-2053e028b0ea80df8e28d7e8ded2a6b6,https://utat-ss.notion.site/3b305676623344cc8273469742105b6e,https://utat-ss.notion.site/Optically-Limited-Spectral-Resolution-97de793cf58b477584bf363937d2e3e4,https://utat-ss.notion.site/Quantization-Noise-cb198ad06b97435bb8d0a85d02dae263,https://utat-ss.notion.site/Anonymous-Feedback-Form-c28291d7376b45aab8b2957970b48777,https://utat-ss.notion.site/Electrical-Onboarding-79c749e63b54484d8d7c982adefb2aee,https://utat-ss.notion.site/3a3d4cc2c77d49079256537cf2743801
https://utat-ss.notion.site/Getting-Started-with-Attitude-Planning-e81a4309879745d6933d6acda027388b,https://utat-ss.notion.site/RF-Ground-Station-Design-Lead-Role-Description-cc54830dd51c4f3a923bc47a9c7c3aa5,https://utat-ss.notion.site/TR50E-M-12-7-mm-Graduated-Optical-Post-SS-M4-Setscrew-M6-Tap-L-50-mm-1be0efd49cd84798a28c6bf267489d34,https://utat-ss.notion.site/Beaconing-217cf52c84484e35a4ec666949115b80,https://utat-ss.notion.site/0c123a9841a842fa837ccc5c8609c2ce,https://utat-ss.notion.site/CXYZ05A-M-XYZ-Translation-Mount-for-12-7-mm-Optics-M4-Taps-d1d970627b7749f398a66450cd4e31b7,https://utat-ss.notion.site/Sponsorship-Applications-c693050b671c44aca110dbc46e274115,https://utat-ss.notion.site/Science-Report-Template-21d3e028b0ea80e0b579d893cde077b7,https://utat-ss.notion.site/utat-ss/Optics-Build-II-Lab-Work-85692a191e8b42468cc72f8f370efab5,https://utat-ss.notion.site/Sponsors-Applications-0fba176719934eeea6535a86c4760026
https://utat-ss.notion.site/21b56464e03d477984c6a5394f3b6fb1,https://utat-ss.notion.site/SWIR-Camera-Specifications-and-Comparisons-IN-PROGRESS-717bbbe11a3543008ac53b8a58132126,https://utat-ss.notion.site/7a7da79068d64b9fa24b5a250d228df3,https://utat-ss.notion.site/Ground-Station-Assembly-Paper-d4afcf2156fd4d5cbc6492338dba946a,https://utat-ss.notion.site/Firmware-Build-I-d35f4684609c455f9b404ed6ee6a7bee,https://utat-ss.notion.site/The-Integration-Constant-58cc49ae1d7d436ab70b6cf7de166392,https://utat-ss.notion.site/Literature-Review-on-Unmixing-Algorithms-b8373582e6594b56b1c712575ed36b26,https://utat-ss.notion.site/Rack-brains-for-risks-7dd0eb5da01c4afe8ecca8993fc087ab,https://utat-ss.notion.site/Purchases-for-Build-I-9b65094af2f7491f84f8c9e3b54c5828,https://utat-ss.notion.site/Science-Generic-Outreach-Template-06df05a4bb2043bfb8a81e8044c5b819
https://utat-ss.notion.site/Literature-Review-e511b31b9f1a43af889a1b7b368ecf13,https://utat-ss.notion.site/Handling-static-sensitive-devices-d30a5f9e3892496da62f7be7467b5301,https://utat-ss.notion.site/26096730dbab46fb9e277619d467ad6d,https://utat-ss.notion.site/Deciding-Day-1be3e028b0ea801db921c199d9ad546c,https://utat-ss.notion.site/FINCH-EYE-Build-II-Prototype-86c8fd13a2ba4c79a31da1808856a8c1,https://utat-ss.notion.site/Science-Pipelines-and-Flowcharts-LEGACY-5b46ace04a2a4ec980c220d3c4c2e29b,https://utat-ss.notion.site/STOP-Analysis-d00113062d60441aabcbbe5913a4877f,https://utat-ss.notion.site/cfccc9652a65413f9839eff1c7d46653,https://utat-ss.notion.site/HFSS-b0fe30771e4c48bfb2cfd0ee9c7bebf7,https://utat-ss.notion.site/Gear-n-Stuff-48d59da2747e4e75a2d596b753d27c22
https://utat-ss.notion.site/Vibration-Testing-76af2c99598349fda15b406a0e4ab6b1,https://utat-ss.notion.site/Science-Specialist-Spectral-Unmixing-28c3e028b0ea800880f3cacfd51ee39f,https://utat-ss.notion.site/PH50-M-12-7-mm-Post-Holder-Spring-Loaded-Hex-Locking-Thumbscrew-L-50-mm-1941eda33d324da0908dde850cecbbca,https://utat-ss.notion.site/The-Database-Dissection-ae78757f19b84a17a77d37eeeef1158f,https://utat-ss.notion.site/FINCH-RF-Communication-cd9c53a36bc04e5bbd76679e1301b8ad,https://utat-ss.notion.site/Ground-Truth-Operations-7eff2a8d057b49bfa8923b4ebca47bbc,https://utat-ss.notion.site/Reimbursement-Form-cc72bcca27b94360a09962fa594dedf9,https://utat-ss.notion.site/Fish-and-Microchips-pt-III-1f53e028b0ea806db779fdd41de37d9c,https://utat-ss.notion.site/f998e1e363504066a32c8005660a6152,https://utat-ss.notion.site/Electrical-System-Diagram-4a5f01d2ba59435283dfde70f042698a
https://utat-ss.notion.site/Materials-and-Equipment-93b8c9be59604826b153871a8d95ced4,https://utat-ss.notion.site/Optics-Build-III-Optical-Simulation-f0c90d0736eb497da2b1547a692bf873,https://utat-ss.notion.site/Lab-Space-537a08cac8af43beae5059a68d0afb6b,https://utat-ss.notion.site/Head-of-Brand-and-Media-45b9c61258c948a8ac26ddc24ee10963,https://utat-ss.notion.site/Optics-aba4cdac9305492ebf03925ca8556d42,https://utat-ss.notion.site/Optics-Build-III-Component-Sourcing-6bef42caebe0458eb5df4374577e33fa,https://utat-ss.notion.site/c8d14546cd97467696eaf408d47419e9,https://utat-ss.notion.site/Altium-Basics-fd6937a9ed9e46adb761ad2d1bc66dfc,https://utat-ss.notion.site/SH4MS06-M4-x-0-7-Stainless-Steel-Cap-Screw-6-mm-Long-50-Pack-c4ae93360d9c4d6c9fcb193e96f329f3,https://utat-ss.notion.site/DevKitSat-II-ed889655221148d3bfdec5db53825afb
https://utat-ss.notion.site/7d59e2f3cca341e5a1126f934943e092,https://utat-ss.notion.site/Practice-STOP-Model-429c116d96e74d05a0a61bd7c81a029b,https://utat-ss.notion.site/Science-Pipelines-and-Flowcharts-CURRENT-1f53e028b0ea803a8743cf5b05211639,https://utat-ss.notion.site/53bfe586acab469f950f39547c62f6ae,https://utat-ss.notion.site/Phase-A-Mission-Scoping-88de447d8d634d6babb1c25d3b3d76d0,https://utat-ss.notion.site/GitHub-60cc2338aa4b48dbbea8316c1ee0e102,https://utat-ss.notion.site/The-Power-Postulate-6546c89125fc4437b2c5466b01ee6c22,https://utat-ss.notion.site/The-Sequence-Approximation-a9a531c9eefa49328d6b6ceef5657aed,https://utat-ss.notion.site/5bb45a9ab3d2437397cba19e6c284be0,https://utat-ss.notion.site/00-Model-VPH-grism-Zemax-72ff33bd7ad94645a351f3ae54baa852
https://utat-ss.notion.site/Outreach-1f63e028b0ea8065b7b5e0293dc1cef7,https://utat-ss.notion.site/9052bd21b350491d8fd59d3bab0512d1,https://utat-ss.notion.site/Useful-Links-and-Info-about-FINCH-15d9728b35ca48c2a892cc8975fee10b,https://utat-ss.notion.site/FINCH-OPS-EMRadiation-abeba61c43794496920f8e15604e63a4,https://utat-ss.notion.site/Liam-s-Lingerings-2d4d2187f9334b4d909b76a94ba92c55,https://utat-ss.notion.site/Final-Deadline-for-Phase-C-completion-CDR-2a83e028b0ea80e8b9a8eb8f2615be00,https://utat-ss.notion.site/FINCH-Qualification-6fd997dc648d4057960b56a148ff207a,https://utat-ss.notion.site/462524597587422b8bcb37bec2227802,https://utat-ss.notion.site/Ground-Target-Error-vs-Pointing-Accuracy-0b3e6b592a2d4f8f96efa6ff39eb2421,https://utat-ss.notion.site/FINCH-RelayLens-ClearAperture-55d2c20ea1b64b18b7835aaf05b29b03
https://utat-ss.notion.site/Conferencing-98e0aeda46cd4409ba71f1a0a4032cf6,https://utat-ss.notion.site/Science-Contacts-List-21c3e028b0ea806f860ee20e9eebf40a,https://utat-ss.notion.site/25d5400cbe654fa190c40b2f3dd2bc16,https://utat-ss.notion.site/EPS-Brain-Dump-1fa3e028b0ea804c8011c383b07341d6,https://utat-ss.notion.site/Mass-Budget-7071b9f76291495d9e6ac5f013dc8b55,https://utat-ss.notion.site/Debugging-Tips-n-Tricks-1aa3e028b0ea808e8f65e295f6a4e0bd,https://utat-ss.notion.site/1fd08b7e3993448ea5c122bd4748d3aa,https://utat-ss.notion.site/Tasks-8c4b6f6c6fab421a8a36446ee5c2e332,https://utat-ss.notion.site/RF-Budget-ba1d7eccd1804820972c3a11485f88c3,https://utat-ss.notion.site/Modelling-Heat-Flow-Paths-90ebc34eef244020a029644926848773
https://utat-ss.notion.site/f6648d95c6af4a07a7334c4cffa9dad8,https://utat-ss.notion.site/88f04359d92e46a9aad780e318c1d0b0,https://utat-ss.notion.site/IT-questions-for-Reid-1339da84d9b4494db97bdaeabc146529,https://utat-ss.notion.site/UTAT-Wide-Kickoff-5e49bf4ba3984738859b1f73b778d23a,https://utat-ss.notion.site/16d56c5cf3de442dad17de2566eae65e,https://utat-ss.notion.site/SH6MS16-M6-x-1-0-Stainless-Steel-Cap-Screw-16-mm-Long-25-Pack-d809f45a70544c8fb6b86d8ecbb2d902,https://utat-ss.notion.site/Phase-C-Detailed-Design-5e6e8e053dd647c0bd09fee77ace81b9,https://utat-ss.notion.site/661606034b8b4598bc5a13a822d27b7c,https://utat-ss.notion.site/Power-Design-Lead-cac5467658ee46789eafc797b43b954e,https://utat-ss.notion.site/Electrical-Active-Chapters-2a13e028b0ea801db6a6ea8a2d14b41e
https://utat-ss.notion.site/Pixel-Processing-25d5400cbe654fa190c40b2f3dd2bc16,https://utat-ss.notion.site/8a96a015941c46cfb686a8a564beb41b,https://utat-ss.notion.site/3f1b75e43c7c437abba3c5c6fb88d8a2,https://utat-ss.notion.site/FINCH-Eye-Build-II-CAD-Models-9da4ab8f42dc42c7801d9fabc8135192,https://utat-ss.notion.site/62a846dca6b34dac84e63ecccd395535,https://utat-ss.notion.site/Optimal-Optics-0cbefdd28cdc4a358d9928cb0208b0c9,https://utat-ss.notion.site/Team-Instructions-3d6647834e14429aa4647a03ae1706b6,https://utat-ss.notion.site/Invoice-Information-1dd5cf15b0c244bb8b6d445fe6eb3800,https://utat-ss.notion.site/Data-Budget-c43206f0a75f4c71bf30b191d74abadb,https://utat-ss.notion.site/FINCH-Spacecraft-LaunchProviderCompatibility-5d2f5c882e474886b875dbf623e34040
https://utat-ss.notion.site/0f9eba5fda38425db9e9a06c3d035475,https://utat-ss.notion.site/STK-85d0ef967baf4d8ea37c1c12e32e3496,https://utat-ss.notion.site/Optics-Build-II-Experimental-Analysis-20492547d5754e13af810cc43f88d412,https://utat-ss.notion.site/utat-ss/FINCH-Phase-C-2a902cb13fdf4d8b880751de792792d5,https://utat-ss.notion.site/Myhal-Centre-Fabrication-Facility-f05f0eaa83504b40bf9574d5670afd07,https://utat-ss.notion.site/RF-X-Mission-Ops-7edbeb20361e427fa63341242a88b7a9,https://utat-ss.notion.site/b9c7195bd9fa414a97ee704f503a0e9f,https://utat-ss.notion.site/UTAT-Space-Systems-FINCH-Summer-2025-Design-Review-Invitation-2123e028b0ea8016b363f31bc798691b,https://utat-ss.notion.site/Sensor-response-functions-1a927b10d56048da9b4da09f23234de1,https://utat-ss.notion.site/Internal-Design-Review-Preparation-Optics-47340c0f0c2b49aeb07c7391c18703dc
https://utat-ss.notion.site/MODTRAN-7a5affbefe8b4f92bf73d7bf3abc1525,https://utat-ss.notion.site/FlatSat-6bef2f07496144219b7b57a6574098d7,https://utat-ss.notion.site/aa6431b5e20540af897f34698a69326e,https://utat-ss.notion.site/IT-5ef1a24a2862456d97606650e9021507,https://utat-ss.notion.site/Google-Calendar-2b8a5901ffab403aaf52f15067d130e8,https://utat-ss.notion.site/utat-ss/Slack-Archives-3eee5c598bd74d899a4cd52ceec9c9a9,https://utat-ss.notion.site/Fix-Requirements-1f53e028b0ea803fb884c2231cf80183,https://utat-ss.notion.site/LCP4S-30-mm-to-60-mm-Cage-Plate-Adapter-4-mm-Thick-8f2ae666d7de4b3f92ca1b82951835b6,https://utat-ss.notion.site/Mean-Dark-Signal-55519f6c43654fae9464b578da2965d9,https://utat-ss.notion.site/2ab685d2bc39438db7b02f25612cf79b
https://utat-ss.notion.site/34bb965993da4584b9def8dbfcb7a791,https://utat-ss.notion.site/FINCH-Brain-2293e028b0ea8013adbcee51b9b2d75e,https://utat-ss.notion.site/OpenVPN-db39f3bb05ab470688e540b9827473f7,https://utat-ss.notion.site/STOP-Sync-10-04098d0d5a324f24b2de4ab34aad6a62,https://utat-ss.notion.site/Ubuntu-Server-76d80738de6e4201b8601b8e19d821d5,https://utat-ss.notion.site/aa1826b68e6b451ab61103de346eff08,https://utat-ss.notion.site/OBC-7f46b87516b644c9ba0d74954d58c194,https://utat-ss.notion.site/Mechanical-Lead-f0709cd85c614a23b298a8de66012667,https://utat-ss.notion.site/0c471a4f4580444897480018948a080a,https://utat-ss.notion.site/Hannah-Chua-3f24745033b24dc8910a6238de4e8e78
https://utat-ss.notion.site/CDR-Optics-Payload-Notes-e5640f661c7d417f8f5a75045f150d0e,https://utat-ss.notion.site/2313e028b0ea80dd9ab5e50a290abf98,https://utat-ss.notion.site/Winter-2025-Internal-Design-Review-ec08946bbf2449f0a77f3b58021a9dc9,https://utat-ss.notion.site/96ab70d51d0d4b418276021b1420fa29,https://utat-ss.notion.site/OBC-v1-2-Bring-Up-1c53e028b0ea8057a313dbc530016296,https://utat-ss.notion.site/Optics-Build-III-Calculations-099333ec16f640ccbdd501bfc54c8f8d,https://utat-ss.notion.site/f449b66490e74911816ede6ac36b0867,https://utat-ss.notion.site/FINCH-Spacecraft-MassBudget-bbbe97441c98467990c65f0df23c6419,https://utat-ss.notion.site/Ground-Antenna-2133e028b0ea809990f2c11a61f1791a,https://utat-ss.notion.site/Phase-E-Operations-and-Sustainment-67d9dbda08ca4382a8b075fc7285fc0e
https://utat-ss.notion.site/FINCH-Spacecraft-Shock-b7746693aa5543c1b920901631860785,https://utat-ss.notion.site/RF-Ground-Station-900aef5af7ef44f394307e97cf5a15fc,https://utat-ss.notion.site/Fall-23-New-Members-98c5ffb2cabb41418861af4a706f72ba,https://utat-ss.notion.site/a2d4d8ecffaa4db3b9c8f5ed044daec7,https://utat-ss.notion.site/Ansys-Workbench-Mech-Tutorial-FEA-Info-1b73e028b0ea805f9c95c4bd99f25a4d,https://utat-ss.notion.site/01bc87d7b5aa4a839bff3e15d2e10299,https://utat-ss.notion.site/UTAT-Space-Systems-Modern-Slides-Template-78426863c0314ef8bb78440450797292,https://utat-ss.notion.site/cee0b3e927d94d968ebde0325f446246,https://utat-ss.notion.site/ff6a6b04a72c45f9bbafbc871366ff40,https://utat-ss.notion.site/fa5bfc20d073447684daa42bfcf3fd0f
https://utat-ss.notion.site/cac4ff5706b94ff29cc1bb5b1716667f,https://utat-ss.notion.site/Dummy-Pixel-Data-UART-Transmission-c9f34d72eda64675aad7e4d6bec3b060,https://utat-ss.notion.site/1265e7d47c734886be3347e3d9bb543c,https://utat-ss.notion.site/Mission-Operations-Onboarding-Project-2703e028b0ea8020a96effe0d5bd1bd6,https://utat-ss.notion.site/Shiqi-Xu-e4ac9083a36a4b489563bfa93db0d514,https://utat-ss.notion.site/5b5204b87d414689af9bcbfedb7a84e5,https://utat-ss.notion.site/Optics-Lead-40d874e674d14ba9a844d0477dc3435e,https://utat-ss.notion.site/d492b5b8f698492d9d97dcb612ecbdea,https://utat-ss.notion.site/Pay-Elec-Board-Nucleo-Board-Pin-Connection-53e9a4680b464e6abad2863e4eb8096f,https://utat-ss.notion.site/2b64b90381df4cc2a25a8e7e32456d16
https://utat-ss.notion.site/Jama-Users-Guide-V4-19ed3cb602b04f159b0c7520880a8b42,https://utat-ss.notion.site/Create-Winter-2025-Internal-Design-Review-Presentations-2f3948055521450fa0b4d782e938e795,https://utat-ss.notion.site/UTSU-Campaigning-Volunteer-Resources-Page-1a43e028b0ea808f9066c67b3ed4ca83,https://utat-ss.notion.site/Using-Camera-Control-GUI-to-communicate-with-FLIR-Tau-SWIR-2633e028b0ea80a18d7cdc6b5ae9724c,https://utat-ss.notion.site/ER4E-Engraved-Cage-Assembly-Rod-4-Long-6-mm-Qty-1-31e80c55dfbf42a0a2b134d9decc556b,https://utat-ss.notion.site/Rosie-Aidan-handoff-checklist-7353f9a413f749288a415c6d347ed3c0,https://utat-ss.notion.site/PayMech-Low-Fidelity-Metal-Build-I-8e39252cca364724afc55b406f9a143d,https://utat-ss.notion.site/Simulation-by-Tensor-Tech-4d2a651e630b4458b50ea5df2a32de0c,https://utat-ss.notion.site/bc06ad6317fb4a919c8aad7f1f9c8a64,https://utat-ss.notion.site/Meeting-Notes-ebaeb5a5c2f84a98bbd96e2a0435748b
https://utat-ss.notion.site/General-Background-688a7069d7cf4c49b515304dec751055,https://utat-ss.notion.site/Mission-Control-Notes-88b0c899513e44359bb579078955b780,https://utat-ss.notion.site/1474762d9327456ea54bdd5fa0d0446f,https://utat-ss.notion.site/Jason-Rock-36389977b87546d884c7ab0b73b4c918,https://utat-ss.notion.site/Part-Selection-Tips-b5be55700f0342efadcc8c2af6c7bb10,https://utat-ss.notion.site/Payload-Firmware-ca06c5defe374df78520f98e147db97f,https://utat-ss.notion.site/Electrical-Extravaganza-4f05283aaa80440eaf43822a9776631a,https://utat-ss.notion.site/LettuceMeet-4fef02064f8f4324b354f1d8cf86478c,https://utat-ss.notion.site/6c09bdaf923545f29b788c4cfe7ab706,https://utat-ss.notion.site/fa284ed2d42e4b1c8ef21e732af7552c
https://utat-ss.notion.site/702540132b2d4eaba6a434167da234c8,https://utat-ss.notion.site/31fd1f64af334ea7a2b41de90c0dcae9,https://utat-ss.notion.site/9f7805da16134b4babbc58b4c218a4be,https://utat-ss.notion.site/Thermal-b1fe487891de4fc89dffc2f4f1da5ff1,https://utat-ss.notion.site/3ddfdf7687f948dfbccf6b2ac2a6d653,https://utat-ss.notion.site/Command-Planning-746badad5c2041e99f15af0ef8b75e5a,https://utat-ss.notion.site/00-Model-foreoptic-Zemax-026ca7f3ef6a4bfb88eade727df93e21,https://utat-ss.notion.site/The-Review-Materialisation-1a49cf549f584cebab3505bc19fce216,https://utat-ss.notion.site/eda347632b1d470da23babcccb61f85e,https://utat-ss.notion.site/Useful-Information-2ac3e028b0ea8091a033cb61875e5bdb
https://utat-ss.notion.site/Things-to-avoid-a22ef03887464739b6ed823c034d9308,https://utat-ss.notion.site/Mission-Ops-Logistics-9e1effabcd9940258fd834ffb8ea1bd1,https://utat-ss.notion.site/Altium-Variants-19e3e028b0ea80bf8180e46ad283aff2,https://utat-ss.notion.site/Phase-F-Closeout-cfbb67d05f7b43f08bd1be816eef5416,https://utat-ss.notion.site/Git-3e339534a21b41808204e5104abf1ae7,https://utat-ss.notion.site/0975c0c3310b43e9bb43ff00778cfcb8,https://utat-ss.notion.site/a013319c41364850b88342ae45a620a2,https://utat-ss.notion.site/ZEMAX-Model-of-Build-I-1574c9f80cc44ecdade41553e800dff3,https://utat-ss.notion.site/824aa42c951b4378a6ddde754d36b9c8,https://utat-ss.notion.site/dba3f4ae6b474647bbc744fd754ed15f
https://utat-ss.notion.site/SOLIDWORKS-39eee3a74a054935886225df2acc3665,https://utat-ss.notion.site/add49586cec243f28de92f3683c556f8,https://utat-ss.notion.site/4ea85843271d470f86ddd703d8d12452,https://utat-ss.notion.site/Conference-Writing-f73661b39b9b42bba18abf6cc968c24e,https://utat-ss.notion.site/aa7abed08ca749f685d8266b6ede20ce,https://utat-ss.notion.site/utat-ss/Ansys-570b8d42128149fd8816c9e7fb36d72e,https://utat-ss.notion.site/COMSOL-Trial-030e97b8e1e6427db593f858eae78f70,https://utat-ss.notion.site/Server-Backups-deed1387ea924da39d915974313d0e24,https://utat-ss.notion.site/NX-Tutorials-58d19cae017a42dba4067f2bab9ecd32,https://utat-ss.notion.site/Payload-Verification-Plan-V2-e1938ec9f3414f06a818c47ccdc73c28
https://utat-ss.notion.site/af55d4d2d9664c41bd1f2576a5a87a63,https://utat-ss.notion.site/Lab-Data-Abundance-Estimation-15d8924bd3e64374b7299a50d29a8c09,https://utat-ss.notion.site/FEA-Ansys-Specialist-28f3e028b0ea80a59ba4f4fd694e892c,https://utat-ss.notion.site/Atkin-s-Laws-of-Spacecraft-Design-3b56ca652efc4c4ebba46762d468aa27,https://utat-ss.notion.site/FUTURE-SPACE-EVENTS-30e765417574452198ccd15cbd145f11,https://utat-ss.notion.site/03b016fc1e304f0fa40aeaf5f17009e6,https://utat-ss.notion.site/f73273804859457aa2c5dff0b9d09c81,https://utat-ss.notion.site/Golden-Nuggets-of-Knowledge-5ec739139c794b6da855274eaa8f4724,https://utat-ss.notion.site/97fa6592b7384ee8ad2cec255383a5f7,https://utat-ss.notion.site/Attitude-planning-literature-review-2273e028b0ea80ada828ff9cca2b85f6
https://utat-ss.notion.site/Spectral-Resolution-vs-Fringe-Frequency-2e2e33eed6844120bdec901873a76223,https://utat-ss.notion.site/attitude_planning-docs-8dca256f129d430b814bb3bd16a413b9,https://utat-ss.notion.site/549311e6f39c45b29d61cc39c081d5ae,https://utat-ss.notion.site/Network-Diagram-3ff0da802e2a4d388661b85ede1bc254,https://utat-ss.notion.site/c6366891e5104f16ac0f93d7e785d4d9,https://utat-ss.notion.site/45f235807d2340e5b057a3329748e4fa,https://utat-ss.notion.site/Link-Budget-556ef32c2cd44088acd7e21f61b0a165,https://utat-ss.notion.site/SatNOGS-DB-b52a466ef7f844d8bcbae97320286dc9,https://utat-ss.notion.site/b1cae40bd633411a92b5277fc9130fce,https://utat-ss.notion.site/88fbfb6c88bf4a6fb40bb9e8a7e0da86
https://utat-ss.notion.site/Request-For-Information-Off-The-Shelf-Component-Email-Template-3dde0f36152e492498eb39b0a263674b,https://utat-ss.notion.site/FINCH-Antenna-4102e34231c6469eab859d69bece4828,https://utat-ss.notion.site/Events-2903e028b0ea80478c2ee1b2138b52ca,https://utat-ss.notion.site/69eff62da23743488a2548ee8678ad0b,https://utat-ss.notion.site/ab99520cf6c947b0a57dc9fe75bff34c,https://utat-ss.notion.site/fa00b2fcf82047838691f81d530f2471,https://utat-ss.notion.site/Orbit-839245b8135c4a09b8b0f1a842034879,https://utat-ss.notion.site/Relief-to-the-Trenches-2313e028b0ea80408eecc74b562a1086,https://utat-ss.notion.site/Taping-Schemes-Surface-Design-341f961a45f64fa39d30b216560f3041,https://utat-ss.notion.site/ec1547333e624c938019d26b6a51c2b3
https://utat-ss.notion.site/cbe0697366c44d53ba6c7e5a3e3c78d3,https://utat-ss.notion.site/Head-of-Project-Management-b1cb58ee0b504263bfc3d47b79e4e7d0,https://utat-ss.notion.site/FDIR-Planning-1c33e028b0ea80f59ee2d736fe609b12,https://utat-ss.notion.site/04ca363621504c77befabe2a9978432a,https://utat-ss.notion.site/192a426fa3764ed3a07585d1b9d7f2d6,https://utat-ss.notion.site/026ca7f3ef6a4bfb88eade727df93e21,https://utat-ss.notion.site/Orion-23823750aa6f4ca79280a94dea1db4a5,https://utat-ss.notion.site/What-is-EPS-8f119a52fc4141e9918ad9f3dead05ec,https://utat-ss.notion.site/Geometric-Optics-Design-of-FINCH-EYE-8b28f223ce604d6085776a51a63b69a7,https://utat-ss.notion.site/Solidworks-Parametric-Modelling-988609a92e6e40c498d7451360008041
https://utat-ss.notion.site/PAY-7eb38c88158641b2a1d4f91ba999bd83,https://utat-ss.notion.site/Architect-b15ce162ba96478283575f4989d94355,https://utat-ss.notion.site/Ops-Docs-FINCH-Operations-Plan-WIP-214d3008a24c47e3aa50c6fdcb61682c,https://utat-ss.notion.site/Digikey-70b66c17d2804c908f45949d4a18a9b2,https://utat-ss.notion.site/FINCH-Eye-V6-Low-Fidelity-Engineering-Model-26b3e028b0ea8071904bed52961e78db,https://utat-ss.notion.site/F2024-Purchases-Proposal-74cbad768e1b4ff987bdf406e40aa5c5,https://utat-ss.notion.site/fcecad41149d4fed9b87566ca0120afa,https://utat-ss.notion.site/10bdf16fa926473990255d5733858f73,https://utat-ss.notion.site/FLIR-Tau-working-80d929b7f9e741dd93ff8d667deb1eb0,https://utat-ss.notion.site/Autodesk-343c21c0380549be993315213ac5b680
https://utat-ss.notion.site/Soldering-Guidelines-0c347ede1841463baf98e13e4fa43e82,https://utat-ss.notion.site/0f367626787344ffb38554cdb8f6ca23,https://utat-ss.notion.site/0d94d04d480c4446b1291fad6f2d28cb,https://utat-ss.notion.site/75e20abd2f1149aea566b293fb47f63b,https://utat-ss.notion.site/Phase-D-Assembly-Integration-Testing-1a567b4269614bea860cc2a71a52238a,https://utat-ss.notion.site/FINCH-Firmware-Scheduling-5899cda9933f411e8ddd3207934de961,https://utat-ss.notion.site/Challenge-Project-a2f0b5385b13462b9e1a634ca50f71d0,https://utat-ss.notion.site/Advice-from-ChatGPT-3-55a20c83c7304e558d883116329adb09,https://utat-ss.notion.site/Introduction-to-Modulation-Transfer-Function-020dd0639fc14fefb03f14e4c6db2911,https://utat-ss.notion.site/c46013b9f98b4e12abe3f1714b5a31ac
https://utat-ss.notion.site/20e3e028b0ea804f868aef79f92feea7,https://utat-ss.notion.site/1195a11fc89444c9aa262d2b4f49d330,https://utat-ss.notion.site/utat-ss/FlatSat-Build-and-Testing-31e1b683dff84552b403b5638969bb59,https://utat-ss.notion.site/Migrate-risks-to-Risk-Register-e6db6e278f674989b48733a0a483e5db,https://utat-ss.notion.site/utat-ss/Confluence-ad0a4507159744eeadc412de4fb6e4bc,https://utat-ss.notion.site/900aef5af7ef44f394307e97cf5a15fc,https://utat-ss.notion.site/Mission-Operations-Lead-79c5db6b5a4d4f5bbdfebbf609ba6612,https://utat-ss.notion.site/MATLAB-432c706b70a54e0e8897ac01910fa670,https://utat-ss.notion.site/b1f73f55589743168f647f1e30691ceb,https://utat-ss.notion.site/45eaca02da7743c986b215b717ef1ec3
https://utat-ss.notion.site/Attitude-Pipeline-33615ec91a514b0b9be82de14d97be39,https://utat-ss.notion.site/19aa98b0a9724fffa4f89fbf621644e0,https://utat-ss.notion.site/Falcon-Flight-20a3e028b0ea80cca417dec9f4b6fa49,https://utat-ss.notion.site/Systems-Transition-Meeting-01-fafd90cc7c884d6b9694891f2c579fce,https://utat-ss.notion.site/Phase-B-High-Level-Design-1f0bc4a4d61e4046b8303f35b634dc66,https://utat-ss.notion.site/UTAT-Space-Systems-Email-Signature-Minimalist-c12e3c5dfda0432da5c898f7065d92fd,https://utat-ss.notion.site/FLIR-Tau-SWIR-407ea145ffea4d188c777f3b17a9be2b,https://utat-ss.notion.site/FMEA-Embedded-in-Firmware-536e9ea5cb8244e4a7f7b378e77b6781,https://utat-ss.notion.site/utat-ss/FreeFlyer-57dedb70d0ce4e229b21339004d62a9b,https://utat-ss.notion.site/948ba2c10543455997bcd7c916186e48
https://utat-ss.notion.site/63b946c8fa3b4af1909a736a8db20189,https://utat-ss.notion.site/Solar-Panel-Trade-2393e028b0ea80cb9641c6fcec61be46,https://utat-ss.notion.site/ADCS-Test-Bench-Test-Plan-7f6d087469cf4f84bad181d20d6903a7,https://utat-ss.notion.site/NASA-Space-Systems-Engineering-Undergraduate-Course-5d995f19668e4a34a74265c65a47026d,https://utat-ss.notion.site/The-Specification-Situation-1f53e028b0ea80c599d2eb434e003bef,https://utat-ss.notion.site/1c2040bb549e4169878ffb615892bd6a,https://utat-ss.notion.site/Firmware-9052bd21b350491d8fd59d3bab0512d1,https://utat-ss.notion.site/RF-GS-BOM-0b25535c5e304cffbad4712cfa572d76,https://utat-ss.notion.site/Confluence-Migration-c39fdae1a3df4229aa40cacd15b2cb7c,https://utat-ss.notion.site/The-Error-Expansion-e79723f3b52749f1beb4e9018d4fc247
https://utat-ss.notion.site/a82ea021dd724d049e215639d09b0052,https://utat-ss.notion.site/SmallSat-grants-application-a5c0c35fff0848c2a1ea24d22b97fa2d,https://utat-ss.notion.site/MB4560-M-Aluminum-Breadboard-450-mm-x-600-mm-x-12-7-mm-M6-Taps-582000c8a2fe4911bb770e141067778c,https://utat-ss.notion.site/Ground-Station-Budget-0f40e1a8b162494c88f4a48e087265a1,https://utat-ss.notion.site/Meet-the-Team-d1a645786cb441f4944437912330695a,https://utat-ss.notion.site/ca06c5defe374df78520f98e147db97f,https://utat-ss.notion.site/Systems-Transition-Meeting-12-6bf5388dd7d143d8baef6e38b9b5ab60,https://utat-ss.notion.site/Purchases-Component-Selection-3d7c33ce9d8e4788aeb4ab69d2a97b66,https://utat-ss.notion.site/CB-10-Mechanical-Drawing-Guideline-ac1acf4866114d57ad85760177e5cac8,https://utat-ss.notion.site/OBC-Power-Cycle-2903e028b0ea803fa94ac76f8a98437b
https://utat-ss.notion.site/FAST-grant-2513e028b0ea801d960fd2f34439ac09,https://utat-ss.notion.site/2433e028b0ea806b98ede59e53392797,https://utat-ss.notion.site/367d31af354f48eb877200ce4ce2ea0c,https://utat-ss.notion.site/SPENVIS-13fcfcdacd9d4f3985de4491c441f87d,https://utat-ss.notion.site/FlatSat-I-Motherboard-2933e028b0ea803e8d8ff37995e3bb67,https://utat-ss.notion.site/Send-external-invitations-EDR-2024-fbd6cbea45254a988b6ade6a9694be88,https://utat-ss.notion.site/UTAT-Peer-Mentorship-Program-Under-Construction-cbb15dedb3ce4b46af111fb92f074df1,https://utat-ss.notion.site/FDIR-FA-626a0081bf914f1daf5d53589239e989,https://utat-ss.notion.site/2a390d0ea78c45f1ab6405958c458069,https://utat-ss.notion.site/59293ec5523d41ea889d437ecf975b1b
https://utat-ss.notion.site/MTF-Measurement-ed581614238b412eb56b165b541243f4,https://utat-ss.notion.site/288e3e8a913344f7b949bc815b11c565,https://utat-ss.notion.site/UTAT-Team-Goals-58f5cb60ead44ea3ae6414a35156a4b9,https://utat-ss.notion.site/62a29d0957bf46159c189f772355fc97,https://utat-ss.notion.site/Slew-5c30b7a4d2f749cd807f80326a9e1b0e,https://utat-ss.notion.site/Mentor-16145e0c8f2147ca9ca62d3acfd36072,https://utat-ss.notion.site/Fundamentals-of-Remote-Sensing-A-Canada-Centre-for-Remote-Sensing-Remote-Sensing-Tutorial-bd343893cc544faaaa8c6cfd56a93fb0,https://utat-ss.notion.site/Project-Management-1f53e028b0ea80ef9962c9038121f554,https://utat-ss.notion.site/Decode-Teledyne-s-FLIR-Tau-service-report-cee0b3e927d94d968ebde0325f446246,https://utat-ss.notion.site/Data-Processing-Notes-on-FDIR-FMEA-eef9ffbbecf94833b3eba58cf286508e
https://utat-ss.notion.site/TreeViz-78c65cf8e7af4b1ba30fc42d1922bc95,https://utat-ss.notion.site/Research-34063fc441874fbcb62b034de6995345,https://utat-ss.notion.site/117f285823ff4aa3a9a2f666b50b0ee3,https://utat-ss.notion.site/Payload-Firmware-Build-I-66f0727c74424c6ab3715d57e8d080d9,https://utat-ss.notion.site/9e2eefa23bb142f6803f930988f537eb,https://utat-ss.notion.site/Splitter-Combiner-Placement-3702e89a27554116a0403e8b32fc4144,https://utat-ss.notion.site/FINCH-Payload-VibeTestingBreaking-a69bc596ec274120bdb0140355fe978c,https://utat-ss.notion.site/Sleepy-Sunday-1a93e028b0ea802a9c25e38581127344,https://utat-ss.notion.site/The-Spook-Saturation-f98ca70345014741a277ff6008fd90b4,https://utat-ss.notion.site/404ce3d92b784b948981f27a4565f5a6
https://utat-ss.notion.site/Create-Summer-2024-External-Design-Review-Presentations-c7e68130c2594fbb8c951d3aa9e7580c,https://utat-ss.notion.site/Getting-Started-with-ZEMAX-136d32d3e10146c79d9655f8d5975ebc,https://utat-ss.notion.site/Draw-io-35bf8f96939d45dbbe528711299766bb,https://utat-ss.notion.site/FINCH-Summer-2023-Critical-Design-Review-d3af41d107404ee4bbe6c78549281c5b,https://utat-ss.notion.site/96e72183105f4e58ba69927eeb3da5e6,https://utat-ss.notion.site/Structures-Prototype-V1-928471ca6aa2469d8e223a02c42bf5d7,https://utat-ss.notion.site/YouTube-240cb3c7f0f54c4184092eba6f3d9c63,https://utat-ss.notion.site/Design-Framework-for-FINCH-EYE-7075b0f0dfe3454b8883a3ba8bdc9b87,https://utat-ss.notion.site/3d3f0b16e1674f39a61b99b5433a18ec,https://utat-ss.notion.site/The-Payload-Pathway-1b03e028b0ea80258e81f3a995fdff3e
https://utat-ss.notion.site/VA100C-M-30-mm-Cage-System-Adjustable-Slit-M4-Tap-Metric-Micrometer-b0bb6b762e594fbebe22b6708c7fce1b,https://utat-ss.notion.site/32b30713afb44b4d9635f4ce00dd9d50,https://utat-ss.notion.site/f70bc2fa25b24934a16d50f527e10387,https://utat-ss.notion.site/Thermal-Design-Lead-fee1afe1a5fb4d50a60e111cbbc8986a,https://utat-ss.notion.site/Firmware-Lead-82ef195eb12f4468860c4e420a2a46b0,https://utat-ss.notion.site/Altium-09316ee84c134bb8b53eacc5102fa37b,https://utat-ss.notion.site/Slew-Rate-94e15b1c616e407ab0454d273893fad7,https://utat-ss.notion.site/Exhaustive-List-of-Foreoptic-Candidates-f8a6f4269e624a8394c17e05aeb2cfd5,https://utat-ss.notion.site/FINCH-Mission-Introduction-Template-e1aef576d1354d909262b1e3533687a7,https://utat-ss.notion.site/List-of-Foreoptics-Suppliers-6b432390c40d4aa096493883d73d772a
https://utat-ss.notion.site/FINCH-Spacecraft-RandomVibration-0919c33e64a044348b13b3ab3b4f2000,https://utat-ss.notion.site/HERON-Mk-II-eda347632b1d470da23babcccb61f85e,https://utat-ss.notion.site/Instagram-4371571704804656a6e98a02686e8376,https://utat-ss.notion.site/Atkin-s-Laws-of-Spacecraft-Design-abcd53baec624a10b88389162eeed1f7,https://utat-ss.notion.site/Integration-815740d1aedc4161a61e5e5c35eba2fa,https://utat-ss.notion.site/89c5650ef1364e01b26b635b3749eb9a,https://utat-ss.notion.site/Subsystem-Design-Specification-Optics-2025-2413e028b0ea80c298cfc6f971af3fcb,https://utat-ss.notion.site/Google-Photos-bd0e0c7c98504440ac26b39e2232ed2f,https://utat-ss.notion.site/STOP-Sync-9-87e6035597154c0b892b08221458d910,https://utat-ss.notion.site/ed948beee1c44e84a145f1f0f5842172
https://utat-ss.notion.site/utat-ss/1000-Hour-Test-407f07cf60874f889ca3053536c200c0,https://utat-ss.notion.site/0cf715c9cc71490f9cfea2afbaadf42f,https://utat-ss.notion.site/HERON-Systems-b2a91e8aeb064573b783a0d490570081,https://utat-ss.notion.site/53e9a4680b464e6abad2863e4eb8096f,https://utat-ss.notion.site/Zemax-07e9d0690bbf475abbe20227ee180b27,https://utat-ss.notion.site/02f7cc647daf437387ac4a47a9422428,https://utat-ss.notion.site/FEC-Things-c97051ac062f4baeabdb3348238afdea,https://utat-ss.notion.site/About-Spectroscopy-8f106fa504264fee8e30ab6cc5171fc3,https://utat-ss.notion.site/1819461a3a2b4fdeab8b9c26133ff8e2,https://utat-ss.notion.site/Calculations-e07690cb2f2e4e7cb9e85525e6d9c81b
https://utat-ss.notion.site/Assembly-Integration-and-Testing-Campaign-Design-d16a41234d6248f297279196b49204a7,https://utat-ss.notion.site/GRISM-Modelling-0ddabaf53f2e4886b8736444086a8bc6,https://utat-ss.notion.site/d7007f57ad5b4bbfa64b3ebf380f0bb6,https://utat-ss.notion.site/FINCH-Eye-V6-Design-Validation-26b3e028b0ea801cb5c2da5c3d01fa29,https://utat-ss.notion.site/The-Roadmap-Wrapped-3cf10b643268496c9178f319de3aa781,https://utat-ss.notion.site/Integration-of-Thermal-Hardware-d7ed12985dba40febc7a0385e354a246,https://utat-ss.notion.site/FreeFlyer-57dedb70d0ce4e229b21339004d62a9b,https://utat-ss.notion.site/Space-Environment-4bf273506c134482b8c3ecdea3479abb,https://utat-ss.notion.site/Invoice-Info-2403e028b0ea8070be52edebba224821,https://utat-ss.notion.site/FDIR-ADCS-Brainstorming-88b423efc88e4015a3bfb6a2a905ef18
https://utat-ss.notion.site/David-Maranto-1cfa28608b894406b46626eb2ef50d90,https://utat-ss.notion.site/05fdc2a2fe144709846d3cbf636f723d,https://utat-ss.notion.site/e38c6be678a04b4e98ee93617da0111a,https://utat-ss.notion.site/8e6a393d8efc471b8ecf62a1595e490b,https://utat-ss.notion.site/EPET-400-Lectures-05518dc55a27463bab66a4746b9e313c,https://utat-ss.notion.site/utat-ss/Requirements-Visualizer-App-MVP-64868e691fc348138bc46f3e6d6a4816,https://utat-ss.notion.site/MailChimp-986d97a8ee4048678c8cbbcafc44138e,https://utat-ss.notion.site/Science-68f1bd15c09644ffbab37f96fea0247c,https://utat-ss.notion.site/Systems-Transition-Meeting-05-8d1f32f9a24345a693d1fd5dc3a21eae,https://utat-ss.notion.site/5e6d35a706da4e6888daeca2f218086e
https://utat-ss.notion.site/Pumpkin-Carving-Social-2913e028b0ea801ea127f7fbed58448d,https://utat-ss.notion.site/The-Gameplan-Formulation-12c72f8022cc499db168357529ed4aff,https://utat-ss.notion.site/About-Grants-2403e028b0ea80c9aeebfff03ce17525,https://utat-ss.notion.site/4bf273506c134482b8c3ecdea3479abb,https://utat-ss.notion.site/utat-ss/HFSS-b0fe30771e4c48bfb2cfd0ee9c7bebf7,https://utat-ss.notion.site/SNR-Background-Literature-bade981a4c674c2f9b8acbabad8935dd,https://utat-ss.notion.site/Analysis-and-Lessons-Learned-ead479ee138d4ae0a96036f2922049c5,https://utat-ss.notion.site/57fdd19c02c64b758cf666a312af135f,https://utat-ss.notion.site/FINCH-Mission-Handbook-5cd74ef5e026495480cb4521cf3ae1b9,https://utat-ss.notion.site/NX-4a5e6935aeaa48ffa4b1216d5fdaf1f7
https://utat-ss.notion.site/Mock-Camera-2a23e028b0ea8014ac51cbee2b824e6b,https://utat-ss.notion.site/10-Redefine-VPH-grism-Fringe-Frequency-requirement-1e73975bc8764bcc8a38140f79b86eb5,https://utat-ss.notion.site/Heritage-Block-Diagrams-58b406cf27a04a9bac6165ea198a0098,https://utat-ss.notion.site/b067f249133644d896dee95186335f6d,https://utat-ss.notion.site/Payload-V5-Design-37902af79b0d4c91abbe9dff1d259d03,https://utat-ss.notion.site/ZEMAX-Challenge-Problem-606c8b8bd5164820841fc1f93c25823b,https://utat-ss.notion.site/FINCH-Power-Supply-78b13eed048047a188f163ce529ccbb5,https://utat-ss.notion.site/024b8507cb874a75bce0abeee50f99dd,https://utat-ss.notion.site/930b123ceb5447acb4d5a65c1495027f,https://utat-ss.notion.site/General-Considerations-on-Foreoptic-bdc8ebfa8a184d5cadd8add3755129a5
https://utat-ss.notion.site/CB-09-CAD-Guidelines-3833fa833d924a248443383f6152a843,https://utat-ss.notion.site/ADCS-10m-Notion-Manual-ed4aec85c24d44e8a63187a328c896ff,https://utat-ss.notion.site/Create-Summer-2024-Internal-Design-Review-Presentations-8ae0b50732a346cb9a5c25bcc24bcec4,https://utat-ss.notion.site/d1ed345ed69e435cbcb4f5f229cd6449,https://utat-ss.notion.site/Bakeout-and-Cleanliness-Control-Plan-717cf8b2d8b84f0bbe0158788d7114c8,https://utat-ss.notion.site/FINCH-EYE-About-Prototypes-fc09fd69ca304979911558e05be2364a,https://utat-ss.notion.site/Launch-EMI-Requirements-4c6e173d91314677a0c40a0b68c4c402,https://utat-ss.notion.site/Telemetry-FMEA-Database-1-9620cdcffbde4d55ab87ecbff65a5aff,https://utat-ss.notion.site/Routing-MCU-ground-pins-199fd5214f7b496998c138b483959474,https://utat-ss.notion.site/ENMAP-to-FINCH-Image-Correction-1c53e028b0ea8093a69bea019aa232f8
https://utat-ss.notion.site/d725530da5f64817b8977f9078ad93b0,https://utat-ss.notion.site/2739382292514fe8a555681855004728,https://utat-ss.notion.site/UTAT-Space-Systems-660068a07b694305b56c483962e927c5,https://utat-ss.notion.site/Summer-2023-External-Design-Review-Schedule-0cf715c9cc71490f9cfea2afbaadf42f,https://utat-ss.notion.site/147d5d6ebcb94e73a8ec9d98132ec5f7,https://utat-ss.notion.site/1e73975bc8764bcc8a38140f79b86eb5,https://utat-ss.notion.site/Head-of-Baking-2ba3e028b0ea80ef9771d3d7072439d5,https://utat-ss.notion.site/STOP-Sync-13-efa89c5e99b84c3f80f703a5bd0c12d2,https://utat-ss.notion.site/992edcd6146d4d95943d23c3be2ffe78,https://utat-ss.notion.site/7fae8ccb74f740f0a69a397bc3c73361
https://utat-ss.notion.site/b9613baccdd84fc5b9796c3948e49495,https://utat-ss.notion.site/Transportation-of-Dangerous-Goods-093be960670f49379516c9b98334e883,https://utat-ss.notion.site/Review-of-Optics-Theory-66395ce9293c40da86b612bb47730861,https://utat-ss.notion.site/6667386f66be4b6c9547bf5dbb481535,https://utat-ss.notion.site/ffd8e17211ee455c863c10be5f03bc59,https://utat-ss.notion.site/Mission-Operations-60ed7087417a49778f73ac37283b18e7,https://utat-ss.notion.site/About-Sponsorships-2403e028b0ea80729975c34e3785b904,https://utat-ss.notion.site/Purchase-Order-Request-2437010f84274bebbe59636c29322906,https://utat-ss.notion.site/Structural-Thermal-Optical-Performance-STOP-Analysis-bfeff442fcfc41d58a7459971d6814c9,https://utat-ss.notion.site/Regulatory-4d36a5818b79424294247a30c9e0d6d9
https://utat-ss.notion.site/The-Recruit-Resurgence-1dfb7fba26964414b909bf77bed5a3a8,https://utat-ss.notion.site/The-One-We-Do-Requirements-19b3e028b0ea801e8ef2c2f056943290,https://utat-ss.notion.site/db835bc618e84b43ac9ed8b2a78c0eb8,https://utat-ss.notion.site/Mental-Health-Resources-e29e7d24f6344600823bfce20aa77e98,https://utat-ss.notion.site/Winter-2026-Opto-Mech-EDR-2ab3e028b0ea80378bc2e4377146b325,https://utat-ss.notion.site/Miscellaneous-Mystery-b5253c2c8424406ca64f7236aa2480a7,https://utat-ss.notion.site/Calibration-Procedure-6b32ae5a09504d9b97cf83e0cfa1339f,https://utat-ss.notion.site/19ba6e93c0bb4c18a7c09c462d047f76,https://utat-ss.notion.site/Optical-Mechanical-Interface-e71cf2bc07db401da2f5ad1bfc1cf41a,https://utat-ss.notion.site/616a742ff5ab4362a11a7641637c0259
https://utat-ss.notion.site/Flir-Tau-Optics-Integration-12cf994a5b9c46df81362d45e7e19384,https://utat-ss.notion.site/T-V-chores-2883e028b0ea806b938ff85b5a6af44f,https://utat-ss.notion.site/Machine-Learning-Specialist-2913e028b0ea807fa72ee4bbbd6b059b,https://utat-ss.notion.site/Liam-s-2-30AM-GS-Brain-Blast-89d30663688d4556bc524a06aeff396a,https://utat-ss.notion.site/Testing-Philosophy-535a98b97a414e268f98e609c8995312,https://utat-ss.notion.site/8e4c10b703964e95bcc3adcaf6901a0c,https://utat-ss.notion.site/b1fe487891de4fc89dffc2f4f1da5ff1,https://utat-ss.notion.site/Mission-Operation-Lead-Role-Description-13cb9724312a4fc4a98fcb4c0d64ee39,https://utat-ss.notion.site/16916b9f0ddb4ac6bfbb65fd0fb6d721,https://utat-ss.notion.site/Reid-s-Rambling-7f96d988720e45898906743e756aaf4f
https://utat-ss.notion.site/How-to-Make-a-Digi-Key-Cart-ca527bad23cb4d5eb5b4185643291aad,https://utat-ss.notion.site/516332f1f4b04754aef6fdc67148a95d,https://utat-ss.notion.site/Systems-Transition-Meeting-04-0c9449180fdb40f294f13f9be8cc777a,https://utat-ss.notion.site/PAY-v1-0-Bring-up-2a33e028b0ea802fb0c1f87ffcbd6912,https://utat-ss.notion.site/90080dcd95444ed7b5ffa5ab99ece880,https://utat-ss.notion.site/The-Payload-Paradigm-b3d7e8e15f0f4cf58951ea7484766565,https://utat-ss.notion.site/FINCH-Eye-V6-Flight-Hardware-Final-Edits-and-Manufacturing-26b3e028b0ea80eeb0fadd201a76b7d9,https://utat-ss.notion.site/9b12b0fadb964a54a893635b9a1dd619,https://utat-ss.notion.site/FINCH-RF-System-06a33dcac9614476919243f07834f472,https://utat-ss.notion.site/What-is-High-Speed-Signal-fd58937edc134a6dbf5d68b70920f279
https://utat-ss.notion.site/a7db5103c11b424586eff36960664eb5,https://utat-ss.notion.site/Software-Defined-Radio-223f51e9275244b28488a9c1b5be9591,https://utat-ss.notion.site/Media-6e89671eab8a48df9626495ce99ad32d,https://utat-ss.notion.site/TT-C-Antennas-On-Satellite-021821499b9b4d15a82c56f3e880af22,https://utat-ss.notion.site/bd49a8ae9ac14805a348085f965e2ba5,https://utat-ss.notion.site/Coupling-and-Layer-Stackup-9037a9bbfcec4f7b8d54eb33e9b1dabe,https://utat-ss.notion.site/6c125f3b68794244aadb3765a7542eea,https://utat-ss.notion.site/High-Level-Command-Sequences-049d3006490941c6b8ebc2b59479666a
